plate_group_label,tier_id,assay,y_number,lsmeans,u95,l95,ci95,replicates,high_outliers,low_outliers,connecting_letters
M-2480,16,SSOD_sucrose,Y15470,0.099673201,0.101568541,0.097777861,0.00189534,36,3,0,m
PG-2483,14,FUVMO_maltrin,Y13732,0.967121398,0.974078498,0.960164299,0.0069571,72,2,1,j
PG-2483,14,FUVMO_maltrin,Y13732,0.967121398,0.974078498,0.960164299,0.0069571,72,2,1,j
PG-2483,14,FUVMO_maltrin,Y15231,0.935996517,0.945519319,0.926473716,0.009522801,36,0,0,lm
PG-2483,14,FUVMO_sucrose,Y13732,1.485740442,1.498107727,1.473373157,0.012367285,72,0,3,b
PG-2483,14,FUVMO_sucrose,Y13732,1.485740442,1.498107727,1.473373157,0.012367285,72,0,3,b
PG-2483,14,FUVMO_sucrose,Y15231,1.177013345,1.194012945,1.160013745,0.0169996,36,0,0,l
PG-2483,14,SSOD_sucrose,Y13732,0.19202992,0.196720246,0.187339595,0.004690326,72,0,3,tu
PG-2483,14,SSOD_sucrose,Y13732,0.19202992,0.196720246,0.187339595,0.004690326,72,0,3,tu
PG-2483,14,SSOD_sucrose,Y15231,0.260976217,0.267823477,0.254128957,0.00684726,36,0,4,ghij
M-2486,16,FUVMO_maltrin,NULL,0.925438802,0.937047744,0.913829859,0.011608943,24,0,0,cdefghij
M-2486,16,FUVMO_maltrin,NULL,0.8271824,0.8399937,0.8143711,0.0128113,24,1,2,rs
M-2486,16,FUVMO_maltrin,NULL,0.944277652,0.956408033,0.93214727,0.012130381,24,0,2,abcdefg
M-2486,16,FUVMO_maltrin,NULL,0.888231706,0.899720568,0.876742845,0.011488862,24,0,0,jklmn
M-2486,16,FUVMO_maltrin,NULL,0.960038464,0.973265708,0.94681122,0.013227244,24,0,1,abcd
M-2486,16,FUVMO_maltrin,NULL,0.944567062,0.95636706,0.932767063,0.011799999,24,0,0,abcdefg
M-2486,16,FUVMO_maltrin,NULL,0.89232868,0.904699193,0.879958167,0.012370513,24,1,0,ijklm
M-2486,16,FUVMO_maltrin,NULL,0.834999585,0.847149182,0.822849987,0.012149597,24,1,0,qr
M-2486,16,FUVMO_maltrin,NULL,0.90068821,0.912401267,0.888975153,0.011713057,24,0,0,hijklm
M-2486,16,FUVMO_maltrin,NULL,0.842224203,0.853970144,0.830478262,0.011745941,24,0,0,pqr
M-2486,16,FUVMO_maltrin,NULL,0.876977257,0.889899446,0.864055067,0.01292219,24,1,2,lmnop
M-2486,16,FUVMO_maltrin,NULL,0.965317032,0.977764006,0.952870058,0.012446974,24,0,0,ab
M-2486,16,FUVMO_maltrin,NULL,0.256291208,0.267923288,0.244659129,0.011632079,24,0,0,u
M-2486,16,FUVMO_maltrin,NULL,0.92146504,0.933513394,0.909416686,0.012048354,24,0,1,defghijk
M-2486,16,FUVMO_maltrin,NULL,0.823129658,0.83504767,0.811211645,0.011918013,24,0,0,rs
M-2486,16,FUVMO_maltrin,NULL,0.853520493,0.866178379,0.840862608,0.012657886,24,2,1,nopqr
M-2486,16,FUVMO_maltrin,NULL,0.849160714,0.860840176,0.837481252,0.011679462,24,0,0,opqr
M-2486,16,FUVMO_maltrin,NULL,0.817171234,0.829189286,0.805153183,0.012018052,24,0,0,rs
M-2486,16,FUVMO_maltrin,NULL,0.915103417,0.92697914,0.903227695,0.011875722,24,0,0,fghijklm
M-2486,16,FUVMO_maltrin,NULL,0.926279343,0.93847706,0.914081627,0.012197716,24,0,0,defghij
M-2486,16,FUVMO_maltrin,NULL,0.897793484,0.910445096,0.885141873,0.012651612,24,2,1,hijklm
M-2486,16,FUVMO_maltrin,NULL,0.916492145,0.928621903,0.904362387,0.012129758,24,0,1,efghijkl
M-2486,16,FUVMO_maltrin,NULL,0.787191471,0.800103986,0.774278955,0.012912516,24,1,1,s
M-2486,16,FUVMO_maltrin,NULL,0.918287374,0.92980011,0.906774637,0.011512736,24,0,0,defghijkl
M-2486,16,FUVMO_maltrin,NULL,0.923110194,0.935001147,0.911219242,0.011890952,24,0,0,cdefghij
M-2486,16,FUVMO_maltrin,NULL,0.878503343,0.891331579,0.865675107,0.012828236,24,1,1,mnopq
M-2486,16,FUVMO_maltrin,NULL,0.913141387,0.925149023,0.90113375,0.012007636,24,0,0,ghijklm
M-2486,16,FUVMO_maltrin,NULL,0.900400766,0.913341747,0.887459785,0.012940981,24,1,1,hijklm
M-2486,16,FUVMO_maltrin,NULL,0.936357292,0.948121511,0.924593074,0.011764219,24,0,0,abcdefgh
M-2486,16,FUVMO_maltrin,NULL,0.949572607,0.961479834,0.93766538,0.011907227,24,0,0,abcdef
M-2486,16,FUVMO_maltrin,NULL,0.961897091,0.973543693,0.95025049,0.011646602,24,0,0,abc
M-2486,16,FUVMO_maltrin,NULL,0.885488647,0.898032871,0.872944424,0.012544224,24,1,1,klmno
M-2486,16,FUVMO_maltrin,NULL,0.965388863,0.977186248,0.953591478,0.011797385,24,0,1,ab
M-2486,16,FUVMO_maltrin,NULL,0.936274051,0.947940846,0.924607256,0.011666795,24,0,0,abcdefgh
M-2486,16,FUVMO_maltrin,NULL,0.961454536,0.974128643,0.948780428,0.012674107,24,0,1,abcd
M-2486,16,FUVMO_sucrose,NULL,1.728237392,1.746272549,1.710202235,0.018035157,34,1,2,bcdefg
M-2486,16,FUVMO_sucrose,NULL,1.613547643,1.641116172,1.585979114,0.027568529,21,2,5,klmno
M-2486,16,FUVMO_sucrose,NULL,1.705878984,1.723431753,1.688326215,0.017552769,36,0,4,efghi
M-2486,16,FUVMO_sucrose,NULL,1.636238351,1.653908666,1.618568035,0.017670316,36,0,1,jklm
M-2486,16,FUVMO_sucrose,NULL,1.663024353,1.680011527,1.646037179,0.016987174,36,0,1,ijkl
M-2486,16,FUVMO_sucrose,NULL,1.71851189,1.736006705,1.701017076,0.017494814,36,0,3,defgh
M-2486,16,FUVMO_sucrose,NULL,1.71157809,1.73565204,1.687504139,0.024073951,18,0,1,cdefghi
M-2486,16,FUVMO_sucrose,NULL,1.578819921,1.602383678,1.555256164,0.023563757,21,1,0,nop
M-2486,16,FUVMO_sucrose,NULL,1.794103164,1.810945724,1.777260604,0.01684256,36,0,2,a
M-2486,16,FUVMO_sucrose,NULL,1.765177635,1.78425316,1.746102109,0.019075526,36,0,7,abcde
M-2486,16,FUVMO_sucrose,NULL,1.335797938,1.360113596,1.311482279,0.024315659,20,2,0,rs
M-2486,16,FUVMO_sucrose,NULL,1.74121605,1.758420232,1.724011868,0.017204182,36,0,3,abcdef
M-2486,16,FUVMO_sucrose,NULL,0.299245045,0.324250176,0.274239914,0.025005131,18,1,1,w
M-2486,16,FUVMO_sucrose,NULL,1.668491145,1.685258965,1.651723325,0.01676782,36,0,0,hijkl
M-2486,16,FUVMO_sucrose,NULL,1.767400459,1.785249051,1.749551866,0.017848592,36,1,3,ab
PG-2637,16,FUVMO_sucrose,NULL,1.053596062,1.075397671,1.031794453,0.021801609,19,0,0,pqr
PG-2637,16,FUVMO_sucrose,NULL,1.319745601,1.341941605,1.297549597,0.022196004,20,0,2,fg
PG-2637,16,SSOD_sucrose,NULL,0.190375599,0.193344906,0.187406291,0.002969307,36,0,0,fghijk
PG-2637,16,SSOD_sucrose,NULL,0.189156986,0.192053522,0.18626045,0.002896536,36,0,0,ghijk
PG-2637,16,SSOD_sucrose,NULL,0.195219884,0.198213405,0.192226363,0.002993521,36,0,1,fghij
PG-2637,16,SSOD_sucrose,NULL,0.198526873,0.201548852,0.195504895,0.003021979,36,0,0,f
PG-2637,16,SSOD_sucrose,NULL,0.192815603,0.195693784,0.189937421,0.002878181,36,0,0,fghijk
PG-2637,16,SSOD_sucrose,NULL,0.189187464,0.192129634,0.186245294,0.00294217,36,0,0,hijk
PG-2637,16,SSOD_sucrose,NULL,0.186591512,0.189475945,0.183707079,0.002884433,36,0,0,jkl
PG-2637,16,SSOD_sucrose,NULL,0.188399261,0.191433912,0.185364609,0.003034652,36,0,0,hijk
PG-2637,16,SSOD_sucrose,NULL,0.192200019,0.195108573,0.189291465,0.002908554,36,0,0,fghijk
PG-2637,16,SSOD_sucrose,NULL,0.178577991,0.18150003,0.175655952,0.002922039,36,0,0,lm
PG-2637,16,SSOD_sucrose,NULL,0.178552319,0.181498089,0.175606548,0.00294577,36,0,0,lm
PG-2637,16,SSOD_sucrose,NULL,0.179344396,0.182300966,0.176387825,0.00295657,36,0,0,lm
PG-2637,16,SSOD_sucrose,NULL,0.185775515,0.188678914,0.182872117,0.002903399,36,0,0,klm
PG-2637,16,SSOD_sucrose,NULL,0.184254439,0.187223868,0.181285009,0.002969429,36,0,0,klm
PG-2637,16,SSOD_sucrose,NULL,0.17741691,0.180431559,0.174402262,0.003014649,36,0,0,lm
PG-2637,16,SSOD_sucrose,NULL,0.184506287,0.187498126,0.181514449,0.002991839,36,0,0,klm
PG-2637,16,SSOD_sucrose,NULL,0.19231519,0.195254419,0.189375961,0.002939229,36,0,0,fghijk
PG-2637,16,SSOD_sucrose,NULL,0.175874724,0.178786741,0.172962707,0.002912017,36,0,0,mn
PG-2637,16,SSOD_sucrose,NULL,0.198134909,0.201055762,0.195214056,0.002920853,36,0,0,fgh
PG-2637,16,SSOD_sucrose,NULL,0.212243622,0.215236431,0.209250812,0.002992809,36,0,0,e
PG-2637,16,SSOD_sucrose,NULL,0.210406258,0.213368153,0.207444364,0.002961894,36,0,0,e
PG-2637,16,SSOD_sucrose,NULL,0.20852914,0.211458829,0.205599451,0.002929689,36,0,0,e
PG-2637,16,SSOD_sucrose,NULL,0.228987356,0.231920492,0.22605422,0.002933136,36,0,0,d
PG-2637,16,SSOD_sucrose,NULL,0.21398089,0.216908728,0.211053052,0.002927838,36,0,0,e
PG-2637,16,SSOD_sucrose,NULL,0.229253229,0.232207981,0.226298477,0.002954752,36,0,0,d
PG-2637,16,SSOD_sucrose,NULL,0.190596943,0.193517527,0.187676358,0.002920584,36,0,0,fghijk
PG-2637,16,FUVMO_sucrose,NULL,0.887465927,0.910527206,0.864404648,0.023061279,18,0,0,wx
PG-2637,16,FUVMO_sucrose,NULL,0.978390713,1.000062785,0.95671864,0.021672073,20,0,0,stu
PG-2637,16,FUVMO_sucrose,Y16633,1.355256948,1.373760882,1.336753014,0.018503934,29,0,1,ef
PG-2637,16,FUVMO_sucrose,NULL,1.101615976,1.119691753,1.083540198,0.018075778,29,1,1,mnop
PG-2637,16,FUVMO_sucrose,NULL,0.90677323,0.925100772,0.888445688,0.018327542,26,0,0,uvwx
PG-2637,16,FUVMO_sucrose,NULL,0.977378268,0.997672095,0.957084442,0.020293826,27,5,0,stu
PG-2637,16,FUVMO_sucrose,NULL,0.955420149,0.976804725,0.934035574,0.021384576,23,3,0,stuv
PG-2637,16,FUVMO_sucrose,NULL,1.238491644,1.25884813,1.218135158,0.020356486,24,0,1,gh
PG-2637,16,FUVMO_sucrose,NULL,1.317245239,1.340391511,1.294098967,0.023146272,18,0,0,fg
PG-2637,16,FUVMO_sucrose,NULL,1.712488066,1.734734393,1.690241739,0.022246327,19,0,0,a
PG-2637,16,FUVMO_sucrose,NULL,0.908735863,0.931851662,0.885620064,0.023115799,18,0,0,vwx
PG-2637,16,FUVMO_sucrose,NULL,0.981309526,1.00282338,0.959795673,0.021513854,20,1,0,rst
PG-2637,16,FUVMO_sucrose,NULL,1.023455618,1.040167439,1.006743797,0.016711821,32,0,0,qrs
PG-2637,16,FUVMO_sucrose,NULL,1.135320542,1.157249304,1.113391779,0.021928762,19,0,0,lmno
PG-2637,16,FUVMO_sucrose,NULL,1.490393027,1.511364894,1.469421159,0.020971868,24,0,4,c
PG-2637,16,FUVMO_sucrose,NULL,1.1477525,1.167691729,1.127813271,0.019939229,24,1,0,klmn
PG-2637,16,FUVMO_sucrose,NULL,1.175651282,1.196845964,1.1544566,0.021194682,23,0,3,jkl
PG-2637,16,FUVMO_sucrose,NULL,1.154290606,1.172547697,1.136033515,0.018257091,27,0,0,jklm
PG-2637,16,FUVMO_sucrose,NULL,1.401923382,1.422665209,1.381181555,0.020741827,21,0,0,de
PG-2637,16,FUVMO_sucrose,NULL,1.036944133,1.057153862,1.016734404,0.020209729,23,1,0,qrs
PG-2637,16,FUVMO_sucrose,NULL,1.238451099,1.25973272,1.217169479,0.02128162,22,0,1,hi
PG-2637,16,FUVMO_sucrose,NULL,1.071189043,1.092314427,1.050063659,0.021125384,23,0,2,opq
PG-2637,16,FUVMO_sucrose,NULL,1.168715902,1.185835186,1.151596617,0.017119285,32,0,0,jkl
PG-2637,16,FUVMO_sucrose,NULL,1.21237419,1.23207303,1.192675351,0.01969884,26,1,2,hij
PG-2637,16,FUVMO_sucrose,NULL,1.264523347,1.281348524,1.24769817,0.016825177,34,0,0,gh
PG-2637,16,FUVMO_sucrose,NULL,1.16031911,1.180374803,1.140263417,0.020055693,25,0,1,jklm
PG-2637,16,FUVMO_sucrose,NULL,1.171062617,1.19077926,1.151345974,0.019716643,27,0,4,jkl
PG-2637,16,FUVMO_sucrose,NULL,1.132894335,1.154041925,1.111746745,0.02114759,24,0,4,lmno
PG-2637,16,FUVMO_sucrose,NULL,1.034559792,1.054505389,1.014614195,0.019945597,22,0,0,qrs
PG-2637,16,FUVMO_sucrose,NULL,1.17705468,1.194094877,1.160014484,0.017040196,32,0,0,ijkl
PG-2637,16,FUVMO_sucrose,NULL,0.944806085,0.966345586,0.923266584,0.021539501,21,0,1,tuvw
PG-2637,16,FUVMO_sucrose,NULL,0.887058894,0.909239797,0.864877991,0.022180903,20,0,0,wx
M-2481,16,FUVMO_maltrin,Y967,0.142733848,0.152649084,0.132818613,0.009915235,36,0,0,v
M-2481,16,FUVMO_maltrin,Y14885,0.904935105,0.916110081,0.893760129,0.011174976,36,1,1,lmno
M-2481,16,FUVMO_sucrose,Y967,0.150895673,0.164253284,0.137538061,0.013357611,36,0,0,x
M-2481,16,FUVMO_sucrose,Y14885,1.0727722,1.091565839,1.05397856,0.018793639,36,17,0,v
M-2481,16,SSOD_sucrose,Y967,0.322494595,0.326242871,0.318746319,0.003748276,36,0,0,a
M-2481,16,SSOD_sucrose,Y14885,0.190671872,0.19437696,0.186966784,0.003705088,36,0,2,rst
PG-2483,14,FUVMO_maltrin,Y12594,0.642232389,0.651646138,0.632818641,0.009413749,36,0,0,u
PG-2483,14,FUVMO_maltrin,Y15180,0.916382173,0.925964529,0.906799817,0.009582356,36,0,0,mn
PG-2483,14,FUVMO_sucrose,Y12594,1.035386916,1.052099755,1.018674077,0.016712839,36,0,0,n
PG-2483,14,FUVMO_sucrose,Y15180,1.477983852,1.495212811,1.460754892,0.01722896,36,0,1,b
PG-2483,14,SSOD_sucrose,Y12594,0.265219993,0.271718989,0.258720996,0.006498997,36,0,1,fgh
PG-2483,14,SSOD_sucrose,Y15180,0.201618707,0.2079408,0.195296613,0.006322094,36,0,0,pqrst
M-2486,16,FUVMO_maltrin,Y11363,0.397390285,0.408918004,0.385862566,0.011527719,24,0,0,t
M-2486,16,FUVMO_sucrose,Y11363,0.80480197,0.822040806,0.787563135,0.017238836,36,2,0,u
M-2486,16,SSOD_sucrose,Y11363,0.230253574,0.232782005,0.227725144,0.00252843,36,3,0,d
M-2487,16,FUVMO_maltrin,NULL,0.779587003,0.790879503,0.768294502,0.011292501,29,2,0,opqr
M-2487,16,FUVMO_maltrin,NULL,0.780812978,0.791626408,0.769999547,0.010813431,29,0,0,opqr
M-2487,16,FUVMO_maltrin,NULL,0.83632949,0.846347783,0.826311197,0.010018293,35,0,0,fghij
M-2487,16,FUVMO_maltrin,NULL,0.779347431,0.790300541,0.76839432,0.01095311,29,0,0,pqr
M-2487,16,FUVMO_maltrin,NULL,0.780812561,0.791301299,0.770323823,0.010488738,36,0,1,qr
M-2487,16,FUVMO_maltrin,NULL,0.390583624,0.400521235,0.380646012,0.009937612,34,0,0,u
M-2487,16,FUVMO_maltrin,NULL,0.848990057,0.858932466,0.839047649,0.009942409,34,0,0,defgh
M-2487,16,FUVMO_maltrin,NULL,0.7502293,0.761244248,0.739214352,0.011014948,30,0,0,r
M-2487,16,FUVMO_maltrin,NULL,0.782137934,0.792406362,0.771869507,0.010268427,35,2,0,pqr
M-2487,16,FUVMO_maltrin,NULL,0.849566434,0.860200962,0.838931906,0.010634528,30,0,0,defgh
M-2487,16,FUVMO_maltrin,NULL,0.830976515,0.840745059,0.82120797,0.009768544,35,0,0,fghij
M-2487,16,FUVMO_maltrin,NULL,0.793749905,0.805176054,0.782323755,0.011426149,27,0,0,lmnopq
M-2487,16,FUVMO_maltrin,NULL,0.849131877,0.858944262,0.839319491,0.009812385,36,0,1,defgh
M-2487,16,FUVMO_maltrin,NULL,0.812088464,0.823140489,0.801036438,0.011052026,30,0,0,ijklmno
M-2487,16,FUVMO_maltrin,NULL,0.851238792,0.861997637,0.840479947,0.010758845,30,0,0,defg
M-2487,16,FUVMO_maltrin,NULL,0.786693302,0.79719027,0.776196334,0.010496968,33,0,0,mnopq
M-2487,16,FUVMO_maltrin,NULL,0.813190371,0.822886835,0.803493907,0.009696464,36,0,0,jklmnop
M-2487,16,FUVMO_maltrin,NULL,0.838022801,0.849585033,0.826460568,0.011562232,29,1,1,efghij
M-2487,16,FUVMO_maltrin,NULL,0.774594567,0.785001014,0.76418812,0.010406447,35,1,0,qr
M-2487,16,FUVMO_maltrin,NULL,0.833564046,0.844651572,0.822476519,0.011087527,28,0,0,efghij
M-2487,16,FUVMO_maltrin,NULL,0.819991191,0.831215242,0.80876714,0.011224051,30,0,1,ijklmno
M-2487,16,FUVMO_maltrin,NULL,0.783919331,0.794226878,0.773611784,0.010307547,31,0,0,nopqr
M-2487,16,FUVMO_maltrin,NULL,0.846495175,0.857291499,0.835698852,0.010796323,29,0,0,defghi
M-2487,16,FUVMO_maltrin,NULL,0.879435655,0.889877208,0.868994102,0.010441553,30,0,0,cd
M-2487,16,FUVMO_maltrin,NULL,0.763378966,0.773324476,0.753433456,0.00994551,36,1,0,qr
M-2487,16,FUVMO_maltrin,NULL,0.822308725,0.832917667,0.811699782,0.010608942,30,0,0,ghijkl
M-2487,16,FUVMO_maltrin,NULL,0.76411984,0.77509538,0.753144301,0.010975539,28,0,0,qr
M-2487,16,FUVMO_maltrin,NULL,0.815971393,0.826825282,0.805117504,0.010853889,29,0,0,ghijklmn
M-2487,16,FUVMO_maltrin,NULL,0.879962388,0.88964058,0.870284196,0.009678192,36,0,0,cd
M-2487,16,FUVMO_maltrin,NULL,0.85839986,0.869363019,0.847436701,0.010963159,29,0,0,def
M-2487,16,FUVMO_maltrin,NULL,0.781874639,0.792968349,0.770780929,0.01109371,30,0,0,pqr
M-2487,16,FUVMO_maltrin,NULL,0.793550821,0.804524014,0.782577629,0.010973193,28,0,0,klmnopq
M-2487,16,FUVMO_maltrin,NULL,0.818686855,0.828491322,0.808882389,0.009804466,36,0,2,hijklm
M-2487,16,FUVMO_maltrin,NULL,0.867971644,0.877733033,0.858210254,0.00976139,36,0,0,de
M-2487,16,FUVMO_maltrin,NULL,0.835732852,0.847086529,0.824379174,0.011353678,28,0,0,fghijk
M-2487,16,FUVMO_maltrin,NULL,0.712651454,0.722789297,0.70251361,0.010137843,34,0,0,s
M-2487,16,FUVMO_maltrin,NULL,0.842876384,0.852680554,0.833072214,0.00980417,35,0,0,efghi
M-2487,16,FUVMO_maltrin,NULL,0.838501811,0.848342274,0.828661348,0.009840463,36,0,0,efghij
M-2487,16,FUVMO_maltrin,NULL,0.815785417,0.827349116,0.804221719,0.011563698,30,1,1,ghijklmn
M-2487,16,FUVMO_sucrose,NULL,1.231338534,1.245029969,1.217647098,0.013691436,36,1,0,opq
M-2487,16,FUVMO_sucrose,NULL,1.303783206,1.315324281,1.29224213,0.011541075,36,0,0,efghijkl
M-2487,16,FUVMO_sucrose,NULL,1.320736691,1.33239128,1.309082101,0.011654589,36,0,0,bcdefghi
M-2487,16,FUVMO_sucrose,NULL,1.265433358,1.276972461,1.253894256,0.011539103,36,0,0,lmn
M-2487,16,FUVMO_sucrose,NULL,1.273861267,1.285464976,1.262257559,0.011603708,36,0,0,klmn
M-2487,16,FUVMO_sucrose,NULL,1.156140471,1.167789353,1.14449159,0.011648882,36,0,0,s
M-2362,16,FUVMO_maltrin,Y11246,0.733435512,0.745490641,0.721380384,0.012055129,36,0,0,p
M-2362,16,FUVMO_maltrin,NULL,1.092624575,1.105536628,1.079712523,0.012912053,36,0,2,cdefghij
M-2362,16,FUVMO_maltrin,NULL,1.090437159,1.10300596,1.077868358,0.012568801,36,0,0,cdefghij
M-2362,16,FUVMO_maltrin,NULL,1.081314223,1.09409255,1.068535895,0.012778328,36,0,3,efghij
M-2362,16,FUVMO_maltrin,NULL,1.121953516,1.134465519,1.109441513,0.012512003,36,0,1,bcd
M-2362,16,FUVMO_maltrin,NULL,-0.04782749,-0.032363373,-0.063291607,0.015464117,36,13,0,t
M-2362,16,FUVMO_maltrin,NULL,-0.06195684,-0.04504499,-0.078868689,0.01691185,36,18,0,t
M-2362,16,FUVMO_maltrin,NULL,1.072817772,1.086072257,1.059563287,0.013254485,36,0,5,ghijk
M-2362,16,FUVMO_maltrin,NULL,1.07128689,1.083674274,1.058899505,0.012387385,36,0,1,hijk
M-2362,16,FUVMO_maltrin,NULL,1.110901526,1.123881106,1.097921945,0.012979581,36,0,3,cdefgh
M-2362,16,FUVMO_maltrin,NULL,1.085801231,1.098686852,1.072915609,0.012885621,36,0,3,defghij
M-2362,16,FUVMO_maltrin,NULL,1.070491488,1.083166636,1.05781634,0.012675148,36,0,3,jk
M-2362,16,FUVMO_maltrin,NULL,1.093374841,1.106872084,1.079877598,0.013497243,36,0,4,cdefghij
M-2362,16,FUVMO_maltrin,NULL,1.027486879,1.040135811,1.014837947,0.012648932,36,0,2,lm
M-2362,16,FUVMO_maltrin,NULL,1.123133009,1.136251941,1.110014077,0.013118932,36,0,1,bcde
M-2362,16,FUVMO_maltrin,NULL,1.036331849,1.050271109,1.022392589,0.01393926,36,0,7,klm
M-2362,16,FUVMO_maltrin,NULL,1.009850742,1.022234434,0.997467051,0.012383692,36,0,1,mn
M-2362,16,FUVMO_maltrin,NULL,-0.066288175,-0.049358996,-0.083217354,0.016929179,36,18,0,t
M-2362,16,FUVMO_maltrin,NULL,1.115649181,1.12873211,1.102566253,0.013082929,36,0,3,cdef
M-2362,16,FUVMO_maltrin,NULL,-0.064676991,-0.047736144,-0.081617837,0.016940846,36,18,0,t
M-2362,16,FUVMO_maltrin,NULL,-0.065653717,-0.048734189,-0.082573245,0.016919528,36,18,0,t
M-2362,16,FUVMO_maltrin,NULL,1.155682814,1.168676445,1.142689183,0.012993631,36,0,2,ab
M-2362,16,FUVMO_maltrin,NULL,1.12881398,1.141751221,1.115876738,0.012937242,36,0,4,bc
M-2362,16,FUVMO_maltrin,NULL,-0.066500871,-0.049558176,-0.083443566,0.016942695,36,18,0,t
M-2362,16,FUVMO_maltrin,NULL,1.114053141,1.126557044,1.101549238,0.012503903,36,0,0,cdefg
M-2362,16,FUVMO_maltrin,NULL,1.074506804,1.087197606,1.061816003,0.012690801,36,0,1,ijk
M-2362,16,FUVMO_maltrin,NULL,-0.067611355,-0.050685108,-0.084537603,0.016926248,36,18,0,t
M-2362,16,FUVMO_maltrin,NULL,-0.064368275,-0.047956223,-0.080780326,0.016412052,36,16,0,t
M-2362,16,FUVMO_maltrin,NULL,0.775825148,0.788166887,0.76348341,0.012341738,36,0,2,o
M-2362,16,FUVMO_maltrin,NULL,1.068182361,1.081169952,1.05519477,0.012987591,36,0,3,jkl
M-2362,16,FUVMO_maltrin,NULL,0.977658787,0.989894853,0.965422722,0.012236065,36,0,0,n
M-2362,16,FUVMO_maltrin,NULL,1.127126627,1.141460561,1.112792693,0.014333934,36,0,9,bcd
M-2362,16,FUVMO_maltrin,NULL,1.105135428,1.118634121,1.091636735,0.013498693,36,0,6,cdefghij
M-2362,16,FUVMO_maltrin,NULL,1.074484353,1.087989107,1.060979599,0.013504754,36,0,5,fghij
M-2362,16,FUVMO_maltrin,NULL,-0.058885138,-0.0427331,-0.075037175,0.016152037,36,15,0,t
M-2362,16,FUVMO_maltrin,NULL,1.092009204,1.105674641,1.078343766,0.013665437,36,0,6,cdefghij
M-2362,16,FUVMO_maltrin,NULL,-0.064876289,-0.047953781,-0.081798798,0.016922509,36,18,0,t
M-2362,16,FUVMO_maltrin,NULL,1.121774831,1.135332788,1.108216874,0.013557957,36,0,4,bcd
M-2362,16,FUVMO_maltrin,NULL,1.08115636,1.093492544,1.068820176,0.012336184,36,0,0,fghij
M-2362,16,FUVMO_maltrin,NULL,-0.047737209,-0.032663203,-0.062811214,0.015074005,36,12,0,t
M-2362,16,FUVMO_sucrose,Y11246,1.030424879,1.040021444,1.020828315,0.009596564,36,0,1,a
M-2362,16,FUVMO_sucrose,NULL,0.505931287,0.514802718,0.497059855,0.008871431,36,0,0,ghij
M-2362,16,FUVMO_sucrose,NULL,0.514133431,0.522903238,0.505363624,0.008769807,36,0,0,fghi
M-2362,16,FUVMO_sucrose,NULL,0.48109555,0.489905979,0.472285121,0.008810429,36,0,0,jklm
M-2362,16,FUVMO_sucrose,NULL,0.521912593,0.530631129,0.513194057,0.008718536,36,0,0,efg
M-2362,16,FUVMO_sucrose,NULL,-0.075329828,-0.063082521,-0.087577136,0.012247308,36,18,0,q
M-2362,16,FUVMO_sucrose,NULL,-0.070061791,-0.057793855,-0.082329726,0.012267935,36,18,0,q
M-2362,16,FUVMO_sucrose,NULL,0.503766597,0.512517749,0.495015445,0.008751152,36,0,0,ghij
M-2362,16,FUVMO_sucrose,NULL,0.503867266,0.512690131,0.4950444,0.008822865,36,0,0,ghijk
M-2362,16,FUVMO_sucrose,NULL,0.537989747,0.547028914,0.52895058,0.009039167,36,0,0,def
M-2362,16,FUVMO_sucrose,NULL,0.487934979,0.496643358,0.479226599,0.008708379,36,0,0,ijklm
M-2362,16,FUVMO_sucrose,NULL,0.525163438,0.53393877,0.516388106,0.008775332,36,0,0,efg
M-2362,16,FUVMO_sucrose,NULL,0.491541482,0.500313241,0.482769723,0.008771759,36,0,0,hijkl
M-2362,16,FUVMO_sucrose,NULL,0.461376881,0.470056872,0.452696891,0.008679991,36,0,0,mn
M-2362,16,FUVMO_sucrose,NULL,0.506239823,0.514998645,0.497481002,0.008758822,36,0,0,ghij
M-2362,16,FUVMO_sucrose,NULL,0.421813316,0.430558248,0.413068383,0.008744933,36,0,0,o
M-2362,16,FUVMO_sucrose,NULL,0.499827002,0.50853428,0.491119723,0.008707279,36,0,0,ghijkl
M-2362,16,FUVMO_sucrose,NULL,-0.075093467,-0.062824347,-0.087362587,0.01226912,36,18,0,q
M-2362,16,FUVMO_sucrose,NULL,0.508219299,0.516934582,0.499504016,0.008715283,36,0,0,ghij
M-2362,16,FUVMO_sucrose,NULL,-0.07467413,-0.062421038,-0.086927221,0.012253091,36,18,0,q
M-2362,16,FUVMO_sucrose,NULL,-0.073922615,-0.061647224,-0.086198007,0.012275392,36,18,0,q
M-2403,16,FUVMO_maltrin,NULL,0.579174396,0.593339212,0.56500958,0.014164816,18,0,1,pqrs
M-2403,16,FUVMO_maltrin,NULL,0.827465479,0.842875643,0.812055316,0.015410164,18,0,3,bcde
M-2403,16,FUVMO_maltrin,NULL,0.743937991,0.758585318,0.729290664,0.014647327,18,0,2,jk
M-2403,16,FUVMO_maltrin,NULL,0.715545918,0.730882372,0.700209464,0.015336454,18,0,4,kl
M-2403,16,FUVMO_maltrin,NULL,0.560585484,0.574941618,0.546229349,0.014356134,18,0,2,qrs
M-2403,16,FUVMO_maltrin,NULL,0.575054194,0.588797446,0.561310941,0.013743253,18,0,1,qrs
M-2403,16,FUVMO_maltrin,NULL,0.820453458,0.834566303,0.806340614,0.014112845,18,0,2,cde
M-2403,16,FUVMO_maltrin,Y14847,0.800238149,0.814188469,0.786287828,0.01395032,18,0,1,cdef
M-2403,16,FUVMO_maltrin,NULL,0.455856676,0.471146563,0.44056679,0.015289886,18,0,4,t
M-2403,16,FUVMO_maltrin,NULL,0.745361279,0.761213343,0.729509215,0.015852064,18,0,5,ghijk
M-2403,16,FUVMO_maltrin,NULL,0.756016909,0.771232115,0.740801704,0.015215205,18,0,3,fghijk
M-2403,16,FUVMO_maltrin,NULL,0.742951821,0.75810829,0.727795352,0.015156469,18,0,4,ijk
M-2403,16,FUVMO_maltrin,NULL,0.811328667,0.826509399,0.796147936,0.015180732,18,0,3,cde
M-2403,16,FUVMO_maltrin,NULL,0.787144725,0.8018346,0.772454851,0.014689875,18,1,1,defghi
M-2403,16,FUVMO_maltrin,NULL,0.753037219,0.767933542,0.738140897,0.014896323,18,0,3,fghijk
M-2403,16,FUVMO_maltrin,NULL,0.7936889,0.807526398,0.779851401,0.013837498,18,0,1,cdef
M-2403,16,FUVMO_maltrin,NULL,0.639237394,0.653475696,0.624999091,0.014238302,18,0,2,mno
M-2403,16,FUVMO_maltrin,NULL,0.746568498,0.760801545,0.732335451,0.014233047,18,0,2,hijk
M-2403,16,FUVMO_maltrin,NULL,0.557142491,0.57340544,0.540879542,0.016262949,18,0,6,rs
M-2403,16,FUVMO_maltrin,NULL,0.746711766,0.761585344,0.731838189,0.014873578,18,0,2,jk
M-2403,16,FUVMO_maltrin,NULL,0.559131413,0.57480771,0.543455117,0.015676297,18,0,4,qrs
M-2403,16,FUVMO_maltrin,NULL,0.678496164,0.693070655,0.663921673,0.014574491,18,0,2,lm
M-2403,16,FUVMO_maltrin,NULL,0.646822735,0.661103369,0.632542102,0.014280633,18,0,2,mn
M-2403,16,FUVMO_maltrin,NULL,0.484729245,0.49925703,0.470201461,0.014527784,18,0,3,t
M-2403,16,FUVMO_maltrin,NULL,0.730795678,0.74410531,0.717486047,0.013309632,18,0,0,k
M-2403,16,FUVMO_maltrin,NULL,0.477239114,0.491417117,0.463061112,0.014178003,18,0,2,t
M-2403,16,FUVMO_maltrin,NULL,0.399922033,0.413680497,0.386163569,0.013758464,18,0,1,uv
M-2403,16,FUVMO_maltrin,NULL,0.604654928,0.620337907,0.588971948,0.01568298,18,0,5,nopq
M-2403,16,FUVMO_maltrin,NULL,0.619087638,0.632370728,0.605804547,0.013283091,18,0,0,nop
M-2403,16,FUVMO_maltrin,NULL,0.782777636,0.799528916,0.766026355,0.01675128,18,2,1,defgh
M-2403,16,FUVMO_maltrin,NULL,0.443999868,0.459114674,0.428885062,0.015114806,18,0,4,tu
M-2403,16,FUVMO_maltrin,NULL,0.59420642,0.60847789,0.57993495,0.01427147,18,0,2,opqr
M-2403,16,FUVMO_maltrin,NULL,0.386570057,0.399764891,0.373375224,0.013194834,18,0,0,v
M-2403,16,FUVMO_maltrin,NULL,0.755393124,0.771155944,0.739630304,0.01576282,18,0,5,fghijk
M-2403,16,FUVMO_maltrin,NULL,0.786110705,0.799461654,0.772759757,0.013350948,18,0,0,efghij
M-2403,16,FUVMO_sucrose,NULL,1.363621568,1.383174927,1.34406821,0.019553358,22,0,0,no
M-2403,16,FUVMO_sucrose,NULL,1.578729544,1.59999284,1.557466248,0.021263296,22,0,3,defgh
M-2403,16,FUVMO_sucrose,NULL,1.510232354,1.530470511,1.489994197,0.020238157,22,0,2,ijk
M-2403,16,FUVMO_sucrose,NULL,1.556446724,1.57622631,1.536667138,0.019779586,22,0,1,efghi
M-2403,16,FUVMO_sucrose,NULL,1.237268299,1.257135105,1.217401493,0.019866806,22,0,0,rs
M-2403,16,FUVMO_sucrose,NULL,1.303588364,1.323743864,1.283432864,0.0201555,22,0,0,opq
M-2403,16,FUVMO_sucrose,NULL,1.586104354,1.605815768,1.56639294,0.019711414,22,0,0,defg
M-2403,16,FUVMO_sucrose,Y14847,1.664049464,1.683416297,1.64468263,0.019366833,22,0,0,b
M-2403,16,FUVMO_sucrose,NULL,1.182439819,1.202119188,1.16276045,0.019679369,22,0,0,s
M-2403,16,FUVMO_sucrose,NULL,1.496914176,1.517224092,1.47660426,0.020309916,22,0,2,ijkl
M-2403,16,FUVMO_sucrose,NULL,1.548039487,1.569169196,1.526909779,0.021129708,22,0,3,fghi
M-2403,16,FUVMO_sucrose,NULL,1.602345941,1.624019259,1.580672623,0.021673318,22,0,4,bcdefg
M-2403,16,FUVMO_sucrose,NULL,1.595962538,1.617777767,1.574147309,0.021815229,22,0,3,cdefg
M-2403,16,FUVMO_sucrose,NULL,1.575921554,1.597884858,1.553958249,0.021963305,22,0,4,defgh
M-2403,16,FUVMO_sucrose,NULL,1.507586909,1.527030726,1.488143092,0.019443817,22,0,0,ijkl
M-2403,16,FUVMO_sucrose,NULL,1.583577638,1.60290275,1.564252526,0.019325112,22,0,0,defgh
M-2403,16,FUVMO_sucrose,NULL,1.106125885,1.127944585,1.084307185,0.0218187,22,0,4,t
M-2403,16,FUVMO_sucrose,NULL,1.46253405,1.481812567,1.443255533,0.019278517,22,0,0,klm
M-2403,16,FUVMO_sucrose,NULL,1.301792444,1.32518906,1.278395829,0.023396615,22,0,5,opq
M-2403,16,FUVMO_sucrose,NULL,1.540502382,1.561615377,1.519389387,0.021112995,22,0,3,ghi
M-2403,16,FUVMO_sucrose,NULL,1.336874896,1.357312213,1.31643758,0.020437316,22,0,1,op
M-2403,16,FUVMO_sucrose,NULL,1.471760022,1.49358859,1.449931455,0.021828568,22,0,3,jklm
M-2403,16,FUVMO_sucrose,NULL,1.413302039,1.433101669,1.39350241,0.01979963,22,0,0,mn
M-2403,16,FUVMO_sucrose,NULL,1.264280506,1.284580891,1.243980122,0.020300384,22,0,1,qr
M-2403,16,FUVMO_sucrose,NULL,1.526496131,1.546163381,1.506828882,0.01966725,22,0,0,hij
M-2481,16,FUVMO_maltrin,NULL,0.952025593,0.962457605,0.941593581,0.010432012,36,0,0,defgh
M-2481,16,FUVMO_maltrin,NULL,0.961259911,0.971310917,0.951208906,0.010051006,36,0,0,cdefg
M-2481,16,FUVMO_maltrin,NULL,0.93543468,0.945541212,0.925328147,0.010106532,36,0,0,ghijklm
M-2481,16,FUVMO_maltrin,NULL,0.925838244,0.936758026,0.914918463,0.010919781,36,0,3,hijklmno
M-2481,16,FUVMO_maltrin,NULL,0.937788532,0.948186533,0.92739053,0.010398001,36,0,0,ghijkl
M-2481,16,FUVMO_maltrin,NULL,0.934166196,0.944750137,0.923582255,0.010583941,36,0,1,ghijklm
M-2481,16,FUVMO_maltrin,NULL,0.937102438,0.951008757,0.923196119,0.013906319,36,0,17,fghijklmn
M-2481,16,FUVMO_maltrin,NULL,0.971363669,0.981350857,0.961376482,0.009987187,36,0,0,bcdef
M-2481,16,FUVMO_maltrin,NULL,0.917919453,0.928000206,0.907838699,0.010080753,36,0,0,jklmno
M-2481,16,FUVMO_maltrin,NULL,0.850242122,0.860429882,0.840054361,0.01018776,36,0,0,rs
M-2481,16,FUVMO_maltrin,NULL,0.951167788,0.961449836,0.940885741,0.010282047,36,0,0,defghij
M-2481,16,FUVMO_maltrin,NULL,0.898255478,0.908292175,0.888218781,0.010036697,36,0,0,nop
M-2481,16,FUVMO_maltrin,NULL,0.907891432,0.919070206,0.896712659,0.011178773,36,0,1,nop
M-2481,16,FUVMO_maltrin,NULL,0.875587247,0.885768175,0.865406318,0.010180929,36,0,0,pqr
M-2481,16,FUVMO_maltrin,NULL,0.937660354,0.947700191,0.927620517,0.010039837,36,0,0,ghijkl
M-2481,16,FUVMO_maltrin,NULL,0.903993332,0.914200728,0.893785936,0.010207396,36,0,0,mnop
M-2481,16,FUVMO_maltrin,NULL,0.822197964,0.833006102,0.811389827,0.010808137,36,0,1,s
M-2481,16,FUVMO_maltrin,NULL,0.975362756,0.985365859,0.965359652,0.010003104,36,0,0,bcde
M-2481,16,FUVMO_maltrin,NULL,0.91703224,0.927376066,0.906688414,0.010343826,36,0,1,ijklmno
M-2481,16,FUVMO_maltrin,NULL,0.949974749,0.96043472,0.939514778,0.010459971,36,0,0,defghij
M-2481,16,FUVMO_maltrin,NULL,0.927543966,0.937616179,0.917471753,0.010072213,36,0,0,hijklmn
M-2481,16,FUVMO_maltrin,NULL,0.948904574,0.9590638,0.938745348,0.010159226,36,0,0,defghij
M-2481,16,FUVMO_maltrin,NULL,0.949608111,0.959700441,0.939515781,0.01009233,36,0,0,defghi
M-2481,16,FUVMO_maltrin,NULL,0.933080038,0.943424074,0.922736002,0.010344036,36,1,0,ghijklm
M-2481,16,FUVMO_maltrin,NULL,0.927865751,0.938043727,0.917687774,0.010177977,36,0,0,hijklmn
M-2481,16,FUVMO_maltrin,NULL,0.863065364,0.87328283,0.852847898,0.010217466,36,0,0,qr
M-2481,16,FUVMO_maltrin,NULL,0.92833009,0.938789504,0.917870675,0.010459414,36,0,1,hijklmno
M-2481,16,FUVMO_maltrin,NULL,0.910267834,0.920614055,0.899921614,0.01034622,36,0,0,lmno
M-2481,16,FUVMO_maltrin,NULL,0.925550841,0.936005078,0.915096604,0.010454237,36,0,0,ijklmno
M-2481,16,FUVMO_maltrin,NULL,0.913922133,0.924353467,0.903490798,0.010431334,36,0,0,klmno
M-2481,16,FUVMO_maltrin,NULL,0.961139399,0.971346885,0.950931912,0.010207487,36,0,0,cdefg
M-2481,16,FUVMO_maltrin,NULL,0.941256556,0.952451301,0.930061811,0.011194745,36,0,4,efghijk
M-2481,16,FUVMO_maltrin,NULL,0.891812787,0.902095366,0.881530208,0.010282579,36,0,0,opq
M-2481,16,FUVMO_maltrin,NULL,0.92113718,0.931311659,0.910962701,0.010174479,36,0,0,hijklmno
M-2481,16,FUVMO_maltrin,NULL,0.911119197,0.921119923,0.901118471,0.010000726,36,0,0,klmno
M-2481,16,FUVMO_maltrin,NULL,0.952726979,0.963417423,0.942036536,0.010690443,36,0,0,defghij
M-2481,16,FUVMO_sucrose,NULL,1.492742046,1.50664186,1.478842232,0.013899814,36,0,0,ijklm
M-2481,16,FUVMO_sucrose,NULL,1.528025904,1.541573486,1.514478323,0.013547582,36,0,0,efghi
M-2481,16,FUVMO_sucrose,NULL,1.492375411,1.505970789,1.478780033,0.013595378,36,0,0,hijklm
M-2481,16,FUVMO_sucrose,NULL,1.518234709,1.531962639,1.504506779,0.01372793,36,0,0,fghijk
M-2481,16,FUVMO_sucrose,NULL,1.482883415,1.49659337,1.46917346,0.013709955,36,0,0,jklm
M-2481,16,FUVMO_sucrose,NULL,1.368823006,1.38296563,1.354680383,0.014142623,36,0,2,pq
M-2481,16,FUVMO_sucrose,NULL,1.479902768,1.49627625,1.463529285,0.016373482,36,0,10,klmn
M-2481,16,FUVMO_sucrose,NULL,1.610213831,1.624334691,1.596092972,0.014120859,36,0,0,bc
M-2481,16,FUVMO_sucrose,NULL,1.449631351,1.463066844,1.436195859,0.013435492,36,0,0,mn
M-2481,16,FUVMO_sucrose,NULL,1.293229684,1.306691505,1.279767862,0.013461821,36,0,0,rs
M-2481,16,FUVMO_sucrose,NULL,1.485815204,1.499306354,1.472324054,0.01349115,36,0,0,ijklm
M-2481,16,FUVMO_sucrose,NULL,1.193405803,1.20693505,1.179876555,0.013529247,36,0,0,tu
M-2481,16,FUVMO_sucrose,NULL,1.706491792,1.722174876,1.690808709,0.015683084,36,0,8,a
M-2481,16,FUVMO_sucrose,NULL,1.286447799,1.300005456,1.272890142,0.013557657,36,0,0,rs
M-2481,16,FUVMO_sucrose,NULL,1.385975992,1.399492971,1.372459012,0.01351698,36,0,0,op
M-2481,16,FUVMO_sucrose,NULL,1.272931738,1.287069378,1.258794098,0.01413764,36,0,2,s
M-2481,16,FUVMO_sucrose,NULL,1.226588029,1.246785276,1.206390782,0.020197247,36,5,10,t
M-2481,16,FUVMO_sucrose,NULL,1.522602367,1.562518383,1.482686352,0.039916016,36,20,11,bcdefghijk
M-2481,16,FUVMO_sucrose,NULL,1.533465186,1.547083652,1.51984672,0.013618466,36,0,1,efgh
M-2481,16,FUVMO_sucrose,NULL,1.562929512,1.576715407,1.549143617,0.013785895,36,0,0,de
M-2481,16,FUVMO_sucrose,NULL,1.527683268,1.54128089,1.514085646,0.013597622,36,0,0,efghi
M-2481,16,FUVMO_sucrose,NULL,1.495283557,1.509273239,1.481293874,0.013989683,36,0,0,ghijkl
M-2481,16,FUVMO_sucrose,NULL,1.522396014,1.536025902,1.508766126,0.013629888,36,0,0,fghijk
M-2481,16,FUVMO_sucrose,NULL,1.569498352,1.583114722,1.555881982,0.01361637,36,0,0,cde
M-2390,16,FUVMO_sucrose,Y967,0.122133385,0.131651483,0.112615287,0.009518098,36,0,0,B
M-2390,16,SSOD_sucrose,Y967,0.302046912,0.306049423,0.298044402,0.00400251,36,0,1,defghijk
M-2392,16,FUVMO_maltrin,NULL,0.742720619,0.751617098,0.733824141,0.008896478,36,0,0,cdefgh
M-2392,16,FUVMO_maltrin,NULL,0.702676168,0.711852713,0.693499622,0.009176546,36,0,0,nop
M-2392,16,FUVMO_maltrin,NULL,0.732743318,0.741922399,0.723564236,0.009179082,36,0,0,efghijklm
M-2392,16,FUVMO_maltrin,NULL,0.746754728,0.755979429,0.737530027,0.009224701,36,1,0,cdef
M-2392,16,FUVMO_maltrin,NULL,0.739181185,0.748061494,0.730300876,0.008880309,36,0,0,cdefghi
M-2392,16,FUVMO_maltrin,NULL,0.761426162,0.770407623,0.752444701,0.008981461,36,0,0,cd
M-2392,16,FUVMO_maltrin,NULL,0.733328921,0.742440138,0.724217704,0.009111217,36,1,0,efghijkl
M-2392,16,FUVMO_maltrin,NULL,0.639277988,0.648791822,0.629764153,0.009513835,36,0,0,q
M-2392,16,FUVMO_maltrin,NULL,0.738559666,0.748032782,0.72908655,0.009473116,36,1,0,cdefghij
M-2392,16,FUVMO_maltrin,NULL,0.71033791,0.720120185,0.700555634,0.009782275,36,0,2,mnop
M-2392,16,FUVMO_maltrin,NULL,0.713538989,0.722755869,0.704322109,0.00921688,36,0,0,hijklmnop
M-2392,16,FUVMO_maltrin,NULL,0.706362551,0.715343415,0.697381687,0.008980864,36,0,0,klmnop
M-2392,16,FUVMO_maltrin,NULL,0.81514771,0.824993804,0.805301616,0.009846094,36,1,3,b
M-2392,16,FUVMO_maltrin,NULL,0.72541509,0.734709269,0.716120911,0.009294179,36,0,1,fghijklmn
M-2392,16,FUVMO_maltrin,NULL,0.739424961,0.749009572,0.72984035,0.009584611,36,0,1,defghijk
M-2392,16,FUVMO_maltrin,NULL,0.705756727,0.714863963,0.696649491,0.009107236,36,0,0,lmnop
M-2392,16,FUVMO_maltrin,NULL,0.792147601,0.801064949,0.783230253,0.008917348,36,0,0,b
M-2392,16,FUVMO_maltrin,NULL,0.367167497,0.37617231,0.358162684,0.009004813,36,0,0,t
M-2392,16,FUVMO_maltrin,NULL,0.71068976,0.71962455,0.701754969,0.008934791,36,0,0,ijklmnop
M-2392,16,FUVMO_maltrin,NULL,0.69843503,0.707580484,0.689289576,0.009145454,36,2,0,nop
M-2392,16,FUVMO_maltrin,NULL,0.765942953,0.775031505,0.756854401,0.009088552,36,0,0,c
M-2392,16,FUVMO_maltrin,NULL,0.73618946,0.745611047,0.726767874,0.009421586,36,2,0,defghijk
M-2392,16,FUVMO_maltrin,NULL,0.697511971,0.707336336,0.687687606,0.009824365,36,0,0,p
M-2392,16,FUVMO_maltrin,NULL,0.816093414,0.82638149,0.805805337,0.010288077,36,0,5,b
M-2392,16,FUVMO_maltrin,NULL,0.732145395,0.741190018,0.723100772,0.009044623,36,0,0,efghijklm
M-2392,16,FUVMO_maltrin,NULL,0.74481062,0.753846134,0.735775107,0.009035513,36,0,0,cdefg
M-2392,16,FUVMO_maltrin,NULL,0.725493467,0.735222324,0.71576461,0.009728857,36,1,0,fghijklmno
M-2392,16,FUVMO_maltrin,NULL,0.421782973,0.43066058,0.412905366,0.008877607,36,0,0,s
M-2392,16,FUVMO_maltrin,NULL,0.557350196,0.566770726,0.547929666,0.00942053,36,0,1,r
M-2392,16,FUVMO_maltrin,NULL,0.819788411,0.828916754,0.810660068,0.009128343,36,0,0,b
M-2392,16,FUVMO_maltrin,NULL,0.716081454,0.725130578,0.70703233,0.009049124,36,0,0,ghijklmnop
M-2392,16,FUVMO_maltrin,NULL,0.708024883,0.71858083,0.697468935,0.010555947,28,1,1,jklmnop
M-2392,16,FUVMO_maltrin,NULL,0.74180383,0.751019685,0.732587976,0.009215855,36,0,1,cdefgh
M-2392,16,FUVMO_maltrin,NULL,0.732272316,0.741498105,0.723046526,0.009225789,36,0,0,efghijkl
M-2392,16,FUVMO_maltrin,NULL,0.694897318,0.703790307,0.686004329,0.008892989,36,0,0,p
M-2392,16,FUVMO_maltrin,NULL,0.764815481,0.774397555,0.755233408,0.009582074,36,1,1,cde
M-2392,16,FUVMO_maltrin,NULL,0.696054092,0.705335579,0.686772605,0.009281487,36,0,0,op
M-2392,16,FUVMO_sucrose,NULL,0.985927413,1.001096085,0.970758742,0.015168671,30,0,0,ijkl
M-2392,16,FUVMO_sucrose,NULL,0.941117891,0.956181742,0.92605404,0.015063851,30,0,0,klmno
M-2392,16,FUVMO_sucrose,NULL,1.128859893,1.144295204,1.113424582,0.015435311,30,0,0,bcd
M-2392,16,FUVMO_sucrose,NULL,1.158875085,1.174357444,1.143392726,0.015482359,30,0,0,abc
M-2392,16,FUVMO_sucrose,NULL,0.961628279,0.977325466,0.945931093,0.015697186,30,0,0,jklm
M-2392,16,FUVMO_sucrose,NULL,1.060621237,1.075675453,1.04556702,0.015054216,30,0,0,fgh
M-2392,16,FUVMO_sucrose,NULL,0.936349606,0.951384758,0.921314454,0.015035152,30,0,0,lmno
M-2392,16,FUVMO_sucrose,NULL,0.918697088,0.934171506,0.90322267,0.015474418,30,0,0,mno
M-2392,16,FUVMO_sucrose,NULL,0.965072575,0.981212404,0.948932746,0.016139829,30,0,0,jklm
M-2392,16,FUVMO_sucrose,NULL,1.035963246,1.052120177,1.019806315,0.016156931,30,0,2,hi
M-2392,16,FUVMO_sucrose,NULL,0.921351115,0.936731643,0.905970586,0.015380528,30,0,0,mno
M-2392,16,FUVMO_sucrose,NULL,0.90496344,0.920455621,0.88947126,0.01549218,30,0,0,opq
M-2392,16,FUVMO_sucrose,NULL,1.079067256,1.095349286,1.062785227,0.01628203,30,0,4,defgh
M-2392,16,FUVMO_sucrose,NULL,1.125205124,1.140768347,1.109641901,0.015563223,30,0,0,bcd
M-2392,16,FUVMO_sucrose,NULL,1.109393725,1.125744143,1.093043307,0.016350418,30,0,1,cde
M-2392,16,FUVMO_sucrose,NULL,0.911186513,0.926623117,0.895749908,0.015436604,30,0,0,nop
M-2392,16,FUVMO_sucrose,NULL,1.052792092,1.067956933,1.037627251,0.015164841,30,0,0,fgh
M-2392,16,FUVMO_sucrose,NULL,0.848061752,0.865966756,0.830156748,0.017905004,30,0,8,qr
M-2392,16,FUVMO_sucrose,NULL,0.937625683,0.952561985,0.92268938,0.014936303,30,0,0,lmno
M-2392,16,FUVMO_sucrose,NULL,1.089202723,1.104461817,1.073943629,0.015259094,30,0,0,defg
M-2392,16,FUVMO_sucrose,NULL,1.06784275,1.082997784,1.052687716,0.015155034,30,0,0,efgh
M-2374,16,FUVMO_maltrin,NULL,0.711690314,0.724073416,0.699307212,0.012383102,36,0,0,lm
M-2374,16,FUVMO_maltrin,NULL,0.816926314,0.82950798,0.804344648,0.012581666,36,0,0,cdef
M-2374,16,FUVMO_maltrin,NULL,0.758453147,0.771139171,0.745767123,0.012686024,36,0,0,ijk
M-2374,16,FUVMO_maltrin,NULL,0.817369769,0.830504794,0.804234744,0.013135025,36,0,1,cdef
M-2374,16,FUVMO_maltrin,NULL,0.750175281,0.762552073,0.737798489,0.012376792,36,0,0,jkl
M-2374,16,FUVMO_maltrin,NULL,0.584144021,0.59660131,0.571686731,0.012457289,36,0,0,q
M-2374,16,FUVMO_maltrin,NULL,0.796770764,0.809325973,0.784215554,0.012555209,36,0,0,efghi
M-2374,16,FUVMO_maltrin,NULL,0.81020245,0.823152174,0.797252725,0.012949724,36,0,0,defg
M-2374,16,FUVMO_maltrin,NULL,0.774769825,0.787465275,0.762074374,0.01269545,36,0,0,ghijk
M-2374,16,FUVMO_maltrin,NULL,0.808031039,0.820650889,0.795411189,0.01261985,36,0,0,defg
M-2374,16,FUVMO_maltrin,NULL,0.792453162,0.805350878,0.779555446,0.012897716,36,0,0,fghi
M-2374,16,FUVMO_maltrin,NULL,0.68513284,0.697844985,0.672420695,0.012712145,36,0,0,mn
M-2374,16,FUVMO_maltrin,NULL,0.784851672,0.797346243,0.772357101,0.012494571,36,0,0,fghij
M-2374,16,FUVMO_maltrin,NULL,0.738161558,0.752050998,0.724272118,0.01388944,36,0,2,kl
M-2374,16,FUVMO_maltrin,NULL,0.77082745,0.783362786,0.758292115,0.012535336,36,0,0,ghijk
M-2374,16,FUVMO_maltrin,NULL,0.776096716,0.788853134,0.763340299,0.012756417,36,0,0,ghijk
M-2374,16,FUVMO_maltrin,NULL,0.64728912,0.660173811,0.634404429,0.012884691,36,0,0,op
M-2374,16,FUVMO_maltrin,NULL,0.743524942,0.756340009,0.730709875,0.012815067,36,0,0,jkl
M-2374,16,FUVMO_maltrin,NULL,0.215477488,0.228107131,0.202847845,0.012629643,36,0,0,s
M-2374,16,FUVMO_maltrin,NULL,0.761241586,0.773902679,0.748580493,0.012661093,36,0,1,hijk
M-2374,16,FUVMO_maltrin,NULL,0.750047257,0.763132705,0.73696181,0.013085448,36,0,0,jkl
M-2374,16,FUVMO_maltrin,NULL,0.714120524,0.726716051,0.701524998,0.012595526,36,0,0,lm
M-2374,16,FUVMO_maltrin,NULL,0.845687305,0.858913658,0.832460952,0.013226353,36,0,2,bcd
M-2374,16,FUVMO_maltrin,NULL,0.737244465,0.749855639,0.72463329,0.012611174,36,0,0,kl
M-2374,16,FUVMO_maltrin,NULL,0.77044922,0.782810468,0.758087973,0.012361248,36,0,0,ghijk
M-2374,16,FUVMO_maltrin,NULL,0.671435315,0.683883438,0.658987192,0.012448123,36,0,0,no
M-2374,16,FUVMO_maltrin,NULL,0.75382867,0.76648375,0.74117359,0.01265508,36,0,0,ijk
M-2374,16,FUVMO_maltrin,NULL,0.792309074,0.804844733,0.779773416,0.012535658,36,0,0,fghi
M-2374,16,FUVMO_maltrin,NULL,0.781996879,0.795267873,0.768725886,0.013270993,36,0,2,fghij
M-2374,16,FUVMO_maltrin,NULL,0.785686658,0.799077512,0.772295805,0.013390853,36,0,2,fghij
M-2374,16,FUVMO_maltrin,NULL,0.745378761,0.758222283,0.732535238,0.012843523,36,0,0,jkl
M-2374,16,FUVMO_maltrin,NULL,0.744737143,0.757234935,0.732239351,0.012497792,36,0,0,jkl
M-2374,16,FUVMO_maltrin,NULL,0.780420678,0.793147151,0.767694205,0.012726473,36,0,0,fghij
M-2374,16,FUVMO_maltrin,NULL,0.803133248,0.816290789,0.789975708,0.01315754,36,0,0,efgh
M-2374,16,FUVMO_maltrin,NULL,0.769982568,0.783174389,0.756790747,0.013191821,36,0,1,ghijk
M-2374,16,FUVMO_sucrose,NULL,1.18597666,1.201632035,1.170321284,0.015655376,36,0,0,jklmn
M-2374,16,FUVMO_sucrose,NULL,1.234210015,1.249407609,1.219012422,0.015197593,36,0,0,efghij
M-2374,16,FUVMO_sucrose,NULL,1.231332493,1.246601213,1.216063772,0.015268721,36,0,0,efghij
M-2374,16,FUVMO_sucrose,NULL,1.231858605,1.248878747,1.214838462,0.017020142,36,0,5,efghij
M-2374,16,FUVMO_sucrose,NULL,1.227089674,1.242429215,1.211750132,0.015339541,36,0,0,efghij
M-2374,16,FUVMO_sucrose,NULL,1.172030899,1.188586232,1.155475567,0.016555332,36,1,0,lmno
M-2374,16,FUVMO_sucrose,NULL,1.173737754,1.189020987,1.158454521,0.015283233,36,0,0,klmno
M-2374,16,FUVMO_sucrose,NULL,1.241873943,1.257352538,1.226395349,0.015478595,36,0,0,efghi
M-2374,16,FUVMO_sucrose,NULL,1.164101558,1.181225811,1.146977305,0.017124253,36,0,0,mno
M-2374,16,FUVMO_sucrose,NULL,1.228329329,1.243695207,1.212963451,0.015365878,36,0,0,efghij
M-2374,16,FUVMO_sucrose,NULL,1.269163595,1.284829541,1.253497648,0.015665947,36,0,0,de
M-2374,16,FUVMO_sucrose,NULL,1.243570354,1.259091431,1.228049277,0.015521077,36,0,0,efgh
M-2374,16,FUVMO_sucrose,NULL,1.216091945,1.232112545,1.200071344,0.0160206,36,0,0,fghijk
M-2374,16,FUVMO_sucrose,NULL,1.210030744,1.225516836,1.194544651,0.015486092,36,0,0,hijkl
M-2374,16,FUVMO_sucrose,NULL,1.233022286,1.249071815,1.216972758,0.016049529,36,0,2,efghij
M-2374,16,FUVMO_sucrose,NULL,1.241841201,1.258532798,1.225149603,0.016691598,36,0,3,efghi
M-2374,16,FUVMO_sucrose,NULL,1.260978787,1.276765279,1.245192294,0.015786493,36,0,0,defg
M-2374,16,FUVMO_sucrose,NULL,1.214367504,1.230210113,1.198524896,0.015842608,36,0,0,ghijkl
M-2374,16,FUVMO_sucrose,NULL,0.437827471,0.458313436,0.417341506,0.020485965,36,14,0,s
M-2374,16,FUVMO_sucrose,NULL,1.239975446,1.255783719,1.224167172,0.015808273,36,0,0,efghi
M-2374,16,FUVMO_sucrose,NULL,1.25595433,1.272450714,1.239457946,0.016496384,36,0,0,defgh
M-2374,16,FUVMO_sucrose,NULL,1.217662562,1.233216013,1.202109112,0.01555345,36,0,0,ghijkl
M-2374,16,FUVMO_sucrose,NULL,1.255886053,1.27159319,1.240178917,0.015707137,36,0,1,defgh
M-2374,16,FUVMO_sucrose,NULL,1.234183961,1.249606515,1.218761408,0.015422554,36,0,0,efghij
M-2374,16,FUVMO_sucrose,NULL,1.214506192,1.229923353,1.199089031,0.015417161,36,0,0,ghijkl
M-2481,16,FUVMO_sucrose,NULL,1.52136281,1.536009911,1.50671571,0.0146471,36,1,0,fghij
M-2481,16,FUVMO_sucrose,NULL,1.315916555,1.329643432,1.302189678,0.013726877,36,0,0,rs
M-2481,16,FUVMO_sucrose,NULL,1.506721468,1.520681582,1.492761354,0.013960114,36,0,0,ghijkl
M-2481,16,FUVMO_sucrose,NULL,1.174017795,1.187929311,1.16010628,0.013911515,36,0,0,tu
M-2481,16,FUVMO_sucrose,NULL,1.491857606,1.506061734,1.477653478,0.014204128,36,3,0,ijklm
M-2481,16,FUVMO_sucrose,NULL,1.460201923,1.474188466,1.446215379,0.013986544,36,0,0,lmn
M-2481,16,FUVMO_sucrose,NULL,1.536171619,1.550293172,1.522050067,0.014121553,36,0,0,efg
M-2481,16,FUVMO_sucrose,NULL,1.481661766,1.49541346,1.467910073,0.013751693,36,0,0,jklm
M-2481,16,FUVMO_sucrose,NULL,1.181201925,1.195119863,1.167283987,0.013917938,36,0,1,tu
M-2481,16,FUVMO_sucrose,NULL,1.163972759,1.177498032,1.150447487,0.013525273,36,0,0,tu
M-2481,16,FUVMO_sucrose,NULL,1.42761532,1.441139107,1.414091532,0.013523787,36,0,0,no
M-2481,16,FUVMO_sucrose,NULL,1.549811061,1.563791377,1.535830746,0.013980315,36,0,0,def
M-2481,16,SSOD_sucrose,NULL,0.209229931,0.212843177,0.205616685,0.003613246,36,0,1,jklmn
M-2481,16,SSOD_sucrose,NULL,0.205001416,0.208582688,0.201420144,0.003581272,36,0,1,klmnop
M-2481,16,SSOD_sucrose,NULL,0.20977744,0.213435964,0.206118916,0.003658524,36,0,0,jklmn
M-2481,16,SSOD_sucrose,NULL,0.208454316,0.212013045,0.204895587,0.003558729,36,0,1,jklmn
M-2481,16,SSOD_sucrose,NULL,0.207750248,0.211492775,0.204007721,0.003742527,36,0,1,klmnop
M-2481,16,SSOD_sucrose,NULL,0.204985605,0.208558613,0.201412597,0.003573008,36,0,0,klmnop
M-2481,16,SSOD_sucrose,NULL,0.132500061,0.136867712,0.128132409,0.004367651,36,4,0,u
M-2481,16,SSOD_sucrose,NULL,0.221470147,0.225111032,0.217829262,0.003640885,36,0,1,defgh
M-2481,16,SSOD_sucrose,NULL,0.222874317,0.22647719,0.219271445,0.003602873,36,0,1,defg
M-2481,16,SSOD_sucrose,NULL,0.195347618,0.198927652,0.191767584,0.003580034,36,0,0,opqrs
M-2481,16,SSOD_sucrose,NULL,0.219349855,0.222987696,0.215712014,0.003637841,36,0,0,defghij
M-2481,16,SSOD_sucrose,NULL,0.186988153,0.190575998,0.183400307,0.003587845,36,0,0,st
M-2481,16,SSOD_sucrose,NULL,0.040895999,0.045464023,0.036327976,0.004568023,36,13,0,w
M-2481,16,SSOD_sucrose,NULL,0.198597719,0.202187785,0.195007652,0.003590067,36,0,0,mnopqr
M-2481,16,SSOD_sucrose,NULL,0.200655679,0.204338366,0.196972991,0.003682687,36,0,1,lmnopqr
M-2481,16,SSOD_sucrose,NULL,0.197755441,0.201377512,0.19413337,0.003622071,36,0,1,nopqrs
M-2481,16,SSOD_sucrose,NULL,0.044281382,0.047968898,0.040593867,0.003687516,36,0,0,w
M-2481,16,SSOD_sucrose,NULL,0.069691111,0.073503696,0.065878526,0.003812585,36,1,0,v
M-2481,16,SSOD_sucrose,NULL,0.221531044,0.225190697,0.21787139,0.003659653,36,0,2,defghi
M-2481,16,SSOD_sucrose,NULL,0.211030928,0.214839747,0.207222109,0.003808819,36,0,1,ghijkl
M-2481,16,SSOD_sucrose,NULL,0.210740181,0.214361467,0.207118894,0.003621286,36,0,0,hijklm
M-2481,16,SSOD_sucrose,NULL,0.21060463,0.214292607,0.206916652,0.003687978,36,0,1,hijklm
M-2481,16,SSOD_sucrose,NULL,0.228292298,0.232021411,0.224563186,0.003729112,36,0,1,d
M-2481,16,SSOD_sucrose,NULL,0.21041738,0.213994246,0.206840514,0.003576866,36,0,1,ghijkl
M-2481,16,SSOD_sucrose,NULL,0.194549452,0.198339194,0.190759711,0.003789741,36,0,1,pqrs
M-2481,16,SSOD_sucrose,NULL,0.222501545,0.226173269,0.218829822,0.003671723,36,1,0,defghi
M-2481,16,SSOD_sucrose,NULL,0.210193731,0.213872014,0.206515448,0.003678283,36,0,2,hijklm
M-2481,16,SSOD_sucrose,NULL,0.180171343,0.183764497,0.17657819,0.003593153,36,1,0,t
M-2481,16,SSOD_sucrose,NULL,0.204840949,0.208457196,0.201224702,0.003616247,36,0,1,klmnop
M-2481,16,SSOD_sucrose,NULL,0.213168311,0.216845632,0.20949099,0.003677321,36,0,2,efghijk
M-2481,16,SSOD_sucrose,NULL,0.209866675,0.213603433,0.206129916,0.003736758,36,0,2,fghijkl
M-2481,16,SSOD_sucrose,NULL,0.212373033,0.216155584,0.208590482,0.003782551,36,0,3,fghijk
M-2481,16,SSOD_sucrose,NULL,0.191265644,0.19491824,0.187613047,0.003652597,36,0,1,qrst
M-2481,16,SSOD_sucrose,NULL,0.182960903,0.186539243,0.179382564,0.003578339,36,0,0,t
M-2481,16,SSOD_sucrose,NULL,0.200467392,0.204173868,0.196760915,0.003706476,36,0,1,lmnopqr
M-2481,16,SSOD_sucrose,NULL,0.207364279,0.211101619,0.203626939,0.00373734,36,0,3,jklmno
PG-2483,14,FUVMO_maltrin,Y4352,0.801192078,0.810704569,0.791679587,0.009512491,36,0,0,q
PG-2483,14,FUVMO_maltrin,Y15183,0.777707565,0.78778961,0.76762552,0.010082045,36,0,0,qr
PG-2483,14,FUVMO_maltrin,Y15190,0.937063691,0.946517324,0.927610058,0.009453633,36,0,0,klm
PG-2483,14,FUVMO_maltrin,Y15190,0.937063691,0.946517324,0.927610058,0.009453633,36,0,0,klm
PG-2483,14,FUVMO_maltrin,Y15190,0.937063691,0.946517324,0.927610058,0.009453633,36,0,0,klm
PG-2483,14,FUVMO_sucrose,Y4352,1.026868502,1.043783865,1.009953138,0.016915364,36,0,0,n
PG-2483,14,FUVMO_sucrose,Y15183,1.224024371,1.241339942,1.206708801,0.01731557,36,0,0,kl
PG-2483,14,FUVMO_sucrose,Y15190,1.295845675,1.313077942,1.278613408,0.017232267,36,0,1,hij
PG-2483,14,FUVMO_sucrose,Y15190,1.295845675,1.313077942,1.278613408,0.017232267,36,0,1,hij
PG-2483,14,FUVMO_sucrose,Y15190,1.295845675,1.313077942,1.278613408,0.017232267,36,0,1,hij
PG-2483,14,SSOD_sucrose,Y4352,0.242465598,0.24871012,0.236221075,0.006244522,36,0,0,ijkl
PG-2483,14,SSOD_sucrose,Y15183,0.282616683,0.288943045,0.27629032,0.006326363,36,0,1,def
M-2362,16,FUVMO_sucrose,NULL,0.54520465,0.554105876,0.536303424,0.008901226,36,0,0,de
M-2362,16,FUVMO_sucrose,NULL,0.510617555,0.519398138,0.501836973,0.008780582,36,0,0,ghi
M-2362,16,FUVMO_sucrose,NULL,-0.076994636,-0.064727094,-0.089262178,0.012267542,36,18,0,q
M-2362,16,FUVMO_sucrose,NULL,0.494083978,0.502878011,0.485289946,0.008794032,36,0,0,hijkl
M-2362,16,FUVMO_sucrose,NULL,0.509620797,0.518734269,0.500507326,0.009113471,36,0,0,ghi
M-2362,16,FUVMO_sucrose,NULL,-0.075672998,-0.063407365,-0.087938631,0.012265633,36,18,0,q
M-2362,16,FUVMO_sucrose,NULL,-0.076065109,-0.063812351,-0.088317867,0.012252758,36,18,0,q
M-2362,16,FUVMO_sucrose,NULL,0.509563053,0.518286706,0.5008394,0.008723653,36,0,0,ghi
M-2362,16,FUVMO_sucrose,NULL,0.475321781,0.484349669,0.466293892,0.009027889,36,0,0,lmn
M-2362,16,FUVMO_sucrose,NULL,0.452764187,0.461584208,0.443944166,0.008820021,36,0,0,n
M-2362,16,FUVMO_sucrose,NULL,0.477346134,0.486251493,0.468440775,0.008905359,36,0,0,lmn
M-2362,16,FUVMO_sucrose,NULL,0.513909736,0.522776858,0.505042614,0.008867122,36,0,0,fghi
M-2362,16,FUVMO_sucrose,NULL,0.477437389,0.486204083,0.468670694,0.008766694,36,0,0,klmn
M-2362,16,FUVMO_sucrose,NULL,-0.076920866,-0.064663371,-0.089178362,0.012257495,36,18,0,q
M-2362,16,FUVMO_sucrose,NULL,0.489326909,0.498113212,0.480540606,0.008786303,36,0,0,hijkl
M-2362,16,FUVMO_sucrose,NULL,-0.074312687,-0.062036815,-0.086588559,0.012275872,36,18,0,q
M-2362,16,FUVMO_sucrose,NULL,0.512298759,0.521102921,0.503494596,0.008804162,36,0,0,fghi
M-2362,16,FUVMO_sucrose,NULL,0.472570131,0.481351165,0.463789097,0.008781034,36,0,0,lmn
M-2362,16,FUVMO_sucrose,NULL,-0.074275385,-0.062007672,-0.086543099,0.012267714,36,18,0,q
M-2362,16,SSOD_sucrose,Y11246,0.200639379,0.202980302,0.198298455,0.002340924,36,4,12,v
M-2362,16,SSOD_sucrose,NULL,0.216714532,0.218291214,0.21513785,0.001576682,36,0,0,fghijk
M-2362,16,SSOD_sucrose,NULL,0.214783797,0.216278031,0.213289563,0.001494234,36,0,0,ijklmno
M-2362,16,SSOD_sucrose,NULL,0.210456448,0.212000737,0.208912159,0.001544289,36,0,0,nopqrst
M-2362,16,SSOD_sucrose,NULL,0.202394948,0.203897337,0.200892559,0.001502389,36,0,0,uv
M-2362,16,SSOD_sucrose,NULL,0.20823995,0.209731406,0.206748493,0.001491456,36,0,0,qrst
M-2362,16,SSOD_sucrose,NULL,0.208528408,0.21009056,0.206966255,0.001562152,36,0,0,rst
M-2362,16,SSOD_sucrose,NULL,0.205509694,0.20701797,0.204001418,0.001508276,36,0,0,tu
M-2362,16,SSOD_sucrose,NULL,0.21678606,0.218286354,0.215285766,0.001500294,36,0,0,ghijk
M-2362,16,SSOD_sucrose,NULL,0.211158792,0.212678226,0.209639358,0.001519434,36,0,0,lmnopqrs
M-2362,16,SSOD_sucrose,NULL,0.21566019,0.217175164,0.214145216,0.001514974,36,0,0,hijklm
M-2362,16,SSOD_sucrose,NULL,0.188709308,0.190281682,0.187136935,0.001572374,36,0,2,w
M-2362,16,SSOD_sucrose,NULL,0.215439531,0.216946526,0.213932536,0.001506995,36,0,0,ijklm
M-2362,16,SSOD_sucrose,NULL,0.187190829,0.188808047,0.185573612,0.001617218,36,0,0,w
M-2362,16,SSOD_sucrose,NULL,0.210880932,0.212448367,0.209313498,0.001567434,36,0,0,mnopqrs
M-2362,16,SSOD_sucrose,NULL,0.222584625,0.224188546,0.220980704,0.001603921,36,2,1,def
M-2362,16,SSOD_sucrose,NULL,0.221431961,0.22297703,0.219886892,0.001545069,36,1,0,efgh
M-2362,16,SSOD_sucrose,NULL,0.212620786,0.214112607,0.211128964,0.001491821,36,0,0,klmnopqr
M-2362,16,SSOD_sucrose,NULL,0.207308582,0.208841545,0.205775619,0.001532963,36,0,0,stu
M-2362,16,SSOD_sucrose,NULL,0.172502298,0.17404135,0.170963245,0.001539053,36,0,0,x
M-2362,16,SSOD_sucrose,NULL,0.213959502,0.215467854,0.21245115,0.001508352,36,0,0,jklmnop
M-2362,16,SSOD_sucrose,NULL,0.227542698,0.229058101,0.226027295,0.001515403,36,0,0,cd
M-2362,16,SSOD_sucrose,NULL,0.206063767,0.207586673,0.204540861,0.001522906,36,0,0,tu
M-2362,16,SSOD_sucrose,NULL,0.213831104,0.215482237,0.212179971,0.001651133,36,0,1,klmnop
M-2362,16,SSOD_sucrose,NULL,0.213409292,0.21496949,0.211849094,0.001560198,36,0,0,jklmnop
M-2362,16,SSOD_sucrose,NULL,0.216993387,0.218568943,0.215417832,0.001575556,36,0,1,ghijk
M-2362,16,SSOD_sucrose,NULL,0.208440746,0.209987512,0.20689398,0.001546766,36,0,1,qrst
M-2362,16,SSOD_sucrose,NULL,0.213289623,0.21482289,0.211756357,0.001533267,36,0,0,klmnop
M-2362,16,SSOD_sucrose,NULL,0.188565619,0.19012632,0.187004918,0.001560701,36,0,1,w
M-2362,16,SSOD_sucrose,NULL,0.221880919,0.223415362,0.220346476,0.001534443,36,0,0,efg
M-2362,16,SSOD_sucrose,NULL,0.205973781,0.207488831,0.204458731,0.00151505,36,0,0,tu
M-2362,16,SSOD_sucrose,NULL,0.212271672,0.213774268,0.210769075,0.001502597,36,0,0,klmnopqr
M-2362,16,SSOD_sucrose,NULL,0.21041631,0.211944076,0.208888544,0.001527766,36,0,0,opqrst
M-2362,16,SSOD_sucrose,NULL,0.219411014,0.220936186,0.217885842,0.001525172,36,0,0,fghi
M-2362,16,SSOD_sucrose,NULL,0.21863544,0.220137676,0.217133204,0.001502236,36,0,0,fghij
M-2362,16,SSOD_sucrose,NULL,0.214651626,0.216161573,0.213141678,0.001509947,36,0,0,ijklmno
M-2362,16,SSOD_sucrose,NULL,0.215095173,0.216600011,0.213590335,0.001504838,36,0,0,ijklmno
M-2362,16,SSOD_sucrose,NULL,0.216810777,0.218599386,0.215022168,0.001788609,28,0,2,hijklm
M-2362,16,SSOD_sucrose,NULL,0.213785606,0.215596668,0.211974545,0.001811061,30,2,2,jklmnopq
M-2362,16,SSOD_sucrose,NULL,0.215802271,0.217333972,0.214270569,0.001531702,36,0,0,ijklm
PG-2376,14,FUVMO_maltrin,Y11363,0.319704284,0.342279975,0.297128593,0.022575691,6,0,0,mn
M-2487,16,FUVMO_sucrose,NULL,1.27540792,1.287232087,1.263583754,0.011824167,36,0,0,jklm
M-2487,16,FUVMO_sucrose,NULL,1.355789071,1.367395694,1.344182447,0.011606623,36,0,0,a
M-2487,16,FUVMO_sucrose,NULL,1.170825624,1.183384893,1.158266355,0.012559269,36,1,0,rs
M-2487,16,FUVMO_sucrose,NULL,1.310123021,1.32186989,1.298376152,0.011746869,36,0,0,cdefghij
M-2487,16,FUVMO_sucrose,NULL,1.275878383,1.287223005,1.26453376,0.011344623,36,0,0,jklm
M-2487,16,FUVMO_sucrose,NULL,1.310886337,1.324629147,1.297143526,0.01374281,28,0,0,cdefghij
M-2487,16,FUVMO_sucrose,NULL,1.305610986,1.316920676,1.294301296,0.01130969,36,0,0,efghijk
M-2487,16,FUVMO_sucrose,NULL,1.287621171,1.299172873,1.27606947,0.011551701,36,0,0,hijklm
M-2487,16,FUVMO_sucrose,NULL,1.227045042,1.238330041,1.215760043,0.011284999,36,0,0,opq
M-2487,16,FUVMO_sucrose,NULL,1.197988596,1.209401331,1.186575861,0.011412735,36,0,0,qr
M-2487,16,FUVMO_sucrose,NULL,1.308926364,1.320168003,1.297684724,0.011241639,36,0,0,defghij
M-2487,16,FUVMO_sucrose,NULL,1.226939459,1.23892786,1.214951058,0.011988401,36,1,0,opq
M-2487,16,FUVMO_sucrose,NULL,1.20521536,1.216969344,1.193461376,0.011753984,36,0,0,pqr
M-2487,16,FUVMO_sucrose,NULL,1.326731054,1.338373693,1.315088416,0.011642638,36,0,0,abcdefg
M-2487,16,FUVMO_sucrose,NULL,1.328490706,1.339928856,1.317052556,0.01143815,36,0,0,abcdef
M-2487,16,FUVMO_sucrose,NULL,1.317297957,1.328986157,1.305609756,0.011688201,36,0,0,abcdefgh
M-2487,16,FUVMO_sucrose,NULL,1.309926577,1.321559825,1.298293329,0.011633248,36,0,1,defghijk
M-2487,16,FUVMO_sucrose,NULL,1.345695052,1.357292888,1.334097216,0.011597836,36,0,0,abc
M-2487,16,FUVMO_sucrose,NULL,1.310027943,1.322302857,1.29775303,0.012274914,36,0,0,defghij
M-2487,16,FUVMO_sucrose,NULL,1.275397173,1.286792324,1.264002022,0.011395151,36,0,0,jklmn
M-2487,16,FUVMO_sucrose,NULL,1.251952522,1.263465263,1.240439781,0.011512741,36,0,0,mno
M-2487,16,FUVMO_sucrose,NULL,1.318352581,1.329954065,1.306751096,0.011601484,36,0,0,abcdefgh
M-2487,16,FUVMO_sucrose,NULL,1.301591677,1.312857437,1.290325917,0.01126576,36,0,0,efghijkl
M-2487,16,FUVMO_sucrose,NULL,1.315856152,1.327172501,1.304539804,0.011316348,36,0,0,cdefghi
M-2487,16,FUVMO_sucrose,NULL,1.293146001,1.304602996,1.281689006,0.011456995,36,0,0,fghijkl
M-2487,16,FUVMO_sucrose,NULL,1.221209288,1.233863202,1.208555374,0.012653914,36,0,3,opq
M-2487,16,FUVMO_sucrose,NULL,1.291791568,1.303437879,1.280145257,0.011646311,36,0,1,ghijklm
M-2487,16,FUVMO_sucrose,NULL,1.328556708,1.340159708,1.316953709,0.011603,36,0,0,abcdef
M-2487,16,FUVMO_sucrose,NULL,1.330015606,1.341806904,1.318224307,0.011791299,36,0,0,abcde
M-2487,16,FUVMO_sucrose,NULL,1.266337096,1.277700524,1.254973669,0.011363427,36,0,0,lmn
M-2487,16,FUVMO_sucrose,NULL,1.268218889,1.27951793,1.256919848,0.011299041,36,0,0,lmn
M-2487,16,FUVMO_sucrose,NULL,1.343940078,1.355233795,1.332646361,0.011293717,36,0,0,abcd
M-2487,16,FUVMO_sucrose,NULL,1.308908378,1.321566334,1.296250422,0.012657956,36,1,0,efghijkl
M-2487,16,SSOD_sucrose,NULL,0.301990279,0.304336622,0.299643936,0.002346343,36,0,0,klmnop
M-2487,16,SSOD_sucrose,NULL,0.299807298,0.302081225,0.297533371,0.002273927,36,0,0,mnop
M-2487,16,SSOD_sucrose,NULL,0.305058748,0.307345401,0.302772094,0.002286654,36,0,0,ghijklmno
M-2487,16,SSOD_sucrose,NULL,0.298362027,0.300627886,0.296096167,0.00226586,36,0,0,nop
M-2487,16,SSOD_sucrose,NULL,0.321555326,0.323987284,0.319123368,0.002431958,36,1,0,a
M-2487,16,SSOD_sucrose,NULL,0.264384682,0.266702515,0.26206685,0.002317832,36,0,0,u
M-2487,16,SSOD_sucrose,NULL,0.296849545,0.299146149,0.294552941,0.002296604,36,0,0,p
M-2487,16,SSOD_sucrose,NULL,0.281473402,0.284218368,0.278728435,0.002744966,36,0,7,qr
M-2487,16,SSOD_sucrose,NULL,0.284641737,0.28698447,0.282299004,0.002342733,36,0,0,q
M-2487,16,SSOD_sucrose,NULL,0.301129386,0.303391653,0.298867119,0.002262267,36,0,0,lmnop
M-2487,16,SSOD_sucrose,NULL,0.300658058,0.30293413,0.298381987,0.002276072,36,0,0,lmnop
M-2487,16,SSOD_sucrose,NULL,0.30495447,0.30721557,0.302693371,0.0022611,36,0,0,ghijklmno
M-2487,16,SSOD_sucrose,NULL,0.302953934,0.305281107,0.300626762,0.002327173,36,0,0,hijklmnop
M-2487,16,SSOD_sucrose,NULL,0.080822577,0.083753542,0.077891612,0.002930965,36,0,10,x
M-2487,16,SSOD_sucrose,NULL,0.319178561,0.321529508,0.316827615,0.002350947,36,0,0,abc
M-2487,16,SSOD_sucrose,NULL,0.297747145,0.300131596,0.295362694,0.002384451,36,0,0,op
M-2487,16,SSOD_sucrose,NULL,0.302395216,0.304709634,0.300080798,0.002314418,36,0,0,ijklmnop
M-2487,16,SSOD_sucrose,NULL,0.302109538,0.304394268,0.299824808,0.00228473,36,0,0,jklmnop
M-2487,16,SSOD_sucrose,NULL,0.306675054,0.30904501,0.304305099,0.002369956,36,0,1,ghijklm
M-2487,16,SSOD_sucrose,NULL,0.276469132,0.278805387,0.274132877,0.002336255,36,0,0,rs
M-2487,16,SSOD_sucrose,NULL,0.309891243,0.312264527,0.307517959,0.002373284,36,0,1,defghi
M-2487,16,SSOD_sucrose,NULL,0.30666169,0.30914863,0.30417475,0.00248694,36,1,0,efghijkl
M-2487,16,SSOD_sucrose,NULL,0.301519634,0.303824509,0.299214759,0.002304875,36,0,0,klmnop
M-2487,16,SSOD_sucrose,NULL,0.306150959,0.308513333,0.303788584,0.002362375,36,0,0,ghijklm
M-2487,16,SSOD_sucrose,NULL,0.274135243,0.276453337,0.27181715,0.002318094,36,0,1,st
M-2487,16,SSOD_sucrose,NULL,0.302699513,0.304976172,0.300422855,0.002276659,36,0,0,hijklmnop
M-2487,16,SSOD_sucrose,NULL,0.296858735,0.299146355,0.294571115,0.00228762,36,0,0,p
M-2373,16,FUVMO_maltrin,NULL,0.595421586,0.606129889,0.584713283,0.010708303,34,0,0,ijklmn
M-2373,16,FUVMO_maltrin,Y14538,0.731004906,0.744967062,0.71704275,0.013962156,34,1,9,b
M-2373,16,FUVMO_maltrin,NULL,0.602969094,0.614684119,0.59125407,0.011715025,28,0,0,hijklm
M-2373,16,FUVMO_maltrin,NULL,0.644395803,0.655009672,0.633781934,0.010613869,34,0,0,defg
M-2373,16,FUVMO_maltrin,NULL,0.628198773,0.64057514,0.615822405,0.012376368,26,0,0,efghi
M-2373,16,FUVMO_maltrin,NULL,0.579580322,0.590735528,0.568425117,0.011155206,31,0,0,lmnopq
M-2373,16,FUVMO_maltrin,NULL,0.583519795,0.595498506,0.571541085,0.011978711,27,0,0,jklmnop
M-2373,16,FUVMO_maltrin,NULL,0.585301727,0.596660015,0.573943438,0.011358289,30,0,0,klmnop
M-2373,16,FUVMO_maltrin,NULL,0.532058444,0.543367505,0.520749383,0.011309061,32,1,0,stuv
M-2373,16,FUVMO_maltrin,NULL,0.521891106,0.533610554,0.510171657,0.011719449,28,0,0,stuv
M-2373,16,FUVMO_maltrin,NULL,0.589999544,0.601715178,0.578283911,0.011715634,29,0,0,ijklmno
M-2373,16,FUVMO_maltrin,NULL,0.620097236,0.631790096,0.608404376,0.01169286,36,2,1,ghijkl
M-2373,16,FUVMO_maltrin,NULL,0.514396807,0.525156303,0.50363731,0.010759497,33,0,0,tuv
M-2373,16,FUVMO_maltrin,NULL,0.58171653,0.592697713,0.570735348,0.010981182,35,0,0,lmnopq
M-2373,16,FUVMO_maltrin,NULL,0.574551392,0.585628692,0.563474093,0.0110773,36,1,2,mnopq
M-2373,16,FUVMO_maltrin,NULL,0.507541292,0.518375498,0.496707086,0.010834206,33,0,0,uv
M-2373,16,FUVMO_maltrin,NULL,0.529504483,0.540662734,0.518346233,0.01115825,32,0,0,rstu
M-2373,16,FUVMO_maltrin,NULL,0.526779881,0.539283998,0.514275763,0.012504118,25,0,0,stuv
M-2373,16,FUVMO_maltrin,NULL,0.561029017,0.571895366,0.550162668,0.010866349,32,0,0,nopqrs
M-2373,16,FUVMO_maltrin,NULL,0.551054963,0.563352995,0.538756931,0.012298032,27,0,0,pqrst
M-2373,16,FUVMO_maltrin,NULL,0.586692537,0.597945177,0.575439896,0.011252641,33,0,0,klmnop
M-2373,16,FUVMO_maltrin,NULL,0.559853429,0.571513661,0.548193197,0.011660232,28,0,0,nopqrs
M-2373,16,FUVMO_maltrin,NULL,0.556358003,0.568144731,0.544571276,0.011786727,29,0,0,opqrs
M-2373,16,FUVMO_maltrin,NULL,0.619839616,0.630594095,0.609085137,0.010754479,34,0,0,ghijk
M-2373,16,FUVMO_maltrin,NULL,0.551571864,0.562279091,0.540864637,0.010707227,34,0,0,pqrs
M-2373,16,FUVMO_maltrin,NULL,0.565675373,0.576605638,0.554745109,0.010930264,32,0,0,nopqr
M-2373,16,FUVMO_maltrin,NULL,0.547062306,0.55795905,0.536165563,0.010896744,32,0,0,qrst
M-2373,16,FUVMO_maltrin,NULL,0.556498029,0.568612597,0.54438346,0.012114569,29,0,1,opqrs
M-2373,16,FUVMO_maltrin,NULL,0.662245174,0.673150234,0.651340114,0.01090506,33,0,0,def
M-2373,16,FUVMO_maltrin,NULL,0.586061403,0.598765308,0.573357499,0.012703904,26,0,1,ijklmno
M-2373,16,FUVMO_maltrin,NULL,0.589533517,0.601467691,0.577599343,0.011934174,31,0,0,klmnop
M-2373,16,FUVMO_maltrin,NULL,0.500421066,0.511888699,0.488953433,0.011467633,32,0,1,v
M-2373,16,FUVMO_maltrin,NULL,0.623822698,0.635853906,0.61179149,0.012031208,29,0,0,fghij
M-2373,16,FUVMO_sucrose,NULL,1.174218372,1.197565225,1.15087152,0.023346852,36,0,1,cdefgh
M-2373,16,FUVMO_sucrose,Y14538,1.157394286,1.182307807,1.132480765,0.024913521,36,0,4,defgh
M-2373,16,FUVMO_sucrose,NULL,1.140989865,1.16493601,1.11704372,0.023946145,36,0,1,efghi
M-2373,16,FUVMO_sucrose,NULL,1.065551394,1.088815474,1.042287313,0.02326408,36,0,0,jklm
M-2373,16,FUVMO_sucrose,NULL,1.117028969,1.141888936,1.092169002,0.024859967,36,1,1,hijk
M-2373,16,FUVMO_sucrose,NULL,1.157970501,1.18133151,1.134609493,0.023361008,36,0,1,defgh
M-2373,16,FUVMO_sucrose,NULL,0.958453002,0.981370987,0.935535017,0.022917985,36,0,0,pqrs
M-2373,16,FUVMO_sucrose,NULL,0.959664353,0.982665987,0.936662718,0.023001635,36,0,0,opqrs
M-2373,16,FUVMO_sucrose,NULL,1.175824022,1.198970978,1.152677066,0.023146956,36,0,1,cdefgh
M-2373,16,FUVMO_sucrose,NULL,0.918885524,0.94273255,0.895038498,0.023847026,36,1,1,rs
M-2373,16,FUVMO_sucrose,NULL,0.965000141,0.988188473,0.941811808,0.023188333,36,1,0,nopqrs
M-2373,16,FUVMO_sucrose,NULL,1.197662303,1.222120557,1.173204049,0.024458254,36,1,0,abcdefg
M-2373,16,FUVMO_sucrose,NULL,1.038076437,1.060980575,1.0151723,0.022904138,36,0,0,lmn
M-2373,16,FUVMO_sucrose,NULL,1.2051958,1.229463706,1.180927895,0.024267906,36,0,1,abcdefg
M-2373,16,FUVMO_sucrose,NULL,1.184238722,1.208838027,1.159639418,0.024599305,36,0,2,bcdefgh
M-2373,16,FUVMO_sucrose,NULL,0.930191041,0.953304613,0.907077469,0.023113572,36,0,1,qrs
M-2373,16,FUVMO_sucrose,NULL,1.137617578,1.160823362,1.114411794,0.023205784,36,0,0,fghij
M-2373,16,FUVMO_sucrose,NULL,1.016719102,1.040612991,0.992825213,0.023893889,36,0,1,lmnop
M-2373,16,FUVMO_sucrose,NULL,0.953640963,0.976551539,0.930730387,0.022910576,36,0,0,pqrs
M-2373,16,FUVMO_sucrose,NULL,0.912273625,0.93559359,0.88895366,0.023319965,36,0,0,s
M-2373,16,FUVMO_sucrose,NULL,0.990050137,1.012903767,0.967196507,0.02285363,36,0,0,mnopq
M-2373,16,FUVMO_sucrose,NULL,1.133277649,1.156687377,1.109867922,0.023409727,36,0,0,ghij
M-2373,16,FUVMO_sucrose,NULL,0.960090041,0.983410527,0.936769555,0.023320486,36,0,1,opqrs
M-2373,16,FUVMO_sucrose,NULL,0.982949962,1.006128963,0.959770961,0.023179001,36,0,0,mnopqr
M-2373,16,FUVMO_sucrose,NULL,1.063182888,1.086326918,1.040038859,0.02314403,36,0,0,jklm
M-2373,16,FUVMO_sucrose,NULL,1.071943691,1.095380216,1.048507165,0.023436526,36,0,1,ijkl
M-2373,16,FUVMO_sucrose,NULL,0.430038483,0.466604405,0.393472562,0.036565921,36,19,0,u
M-2315,16,FUVMO_maltrin,NULL,0.739790885,0.746183642,0.733398128,0.006392757,36,0,0,hijk
M-2315,16,FUVMO_maltrin,NULL,0.674441633,0.680823446,0.66805982,0.006381813,36,0,0,s
M-2315,16,FUVMO_maltrin,NULL,0.610544779,0.61741002,0.603679537,0.006865241,36,0,2,t
M-2315,16,FUVMO_maltrin,NULL,0.741404038,0.747844225,0.734963852,0.006440187,36,0,0,hij
M-2315,16,FUVMO_maltrin,NULL,0.69297818,0.699646337,0.686310024,0.006668157,36,1,0,qrs
M-2315,16,FUVMO_maltrin,NULL,0.706333852,0.712706989,0.699960715,0.006373137,36,0,0,opqr
M-2315,16,FUVMO_maltrin,NULL,0.699630352,0.706257703,0.693003001,0.006627351,36,0,2,qr
M-2315,16,FUVMO_maltrin,NULL,0.741392623,0.747853106,0.73493214,0.006460483,36,0,0,hijk
M-2315,16,FUVMO_maltrin,NULL,0.708648567,0.715295046,0.702002089,0.006646478,36,0,1,opqr
M-2315,16,FUVMO_maltrin,NULL,0.713617137,0.720577569,0.706656705,0.006960432,36,0,2,mnopq
M-2315,16,FUVMO_maltrin,NULL,0.705326613,0.711729441,0.698923785,0.006402828,36,0,0,pqr
M-2315,16,FUVMO_maltrin,NULL,0.727814866,0.734379264,0.721250468,0.006564398,36,0,1,ijklmno
M-2315,16,FUVMO_maltrin,NULL,0.160692005,0.167119438,0.154264571,0.006427434,36,0,0,v
M-2315,16,FUVMO_maltrin,NULL,0.7338828,0.740232635,0.727532965,0.006349835,36,0,0,ijk
M-2315,16,FUVMO_maltrin,NULL,0.698263666,0.704762786,0.691764545,0.006499121,36,0,0,qr
M-2315,16,FUVMO_maltrin,NULL,0.744825342,0.751120573,0.738530111,0.006295231,36,0,0,ghi
M-2315,16,FUVMO_maltrin,NULL,0.744084689,0.750841756,0.737327623,0.006757066,36,0,4,fghi
M-2315,16,FUVMO_maltrin,NULL,0.73985566,0.746449477,0.733261843,0.006593817,36,0,1,hijk
M-2315,16,FUVMO_maltrin,NULL,0.70911591,0.71581489,0.702416931,0.006698979,36,0,2,nopq
M-2315,16,FUVMO_maltrin,NULL,0.721967384,0.728384748,0.715550021,0.006417364,36,0,0,jklmnop
M-2315,16,FUVMO_maltrin,NULL,0.729462173,0.736076737,0.722847609,0.006614564,36,0,0,ijklmn
M-2315,16,FUVMO_maltrin,NULL,0.730471649,0.736785254,0.724158043,0.006313606,36,0,0,ijklm
M-2315,16,FUVMO_maltrin,NULL,0.719538902,0.72588461,0.713193193,0.006345708,36,0,0,klmnop
M-2315,16,FUVMO_maltrin,NULL,0.689001851,0.695691053,0.682312649,0.006689202,36,0,1,rs
M-2315,16,FUVMO_maltrin,NULL,0.731314559,0.738244915,0.724384204,0.006930355,36,0,4,ijkl
M-2315,16,FUVMO_maltrin,NULL,0.737904541,0.744304216,0.731504866,0.006399675,36,0,0,hijk
M-2315,16,FUVMO_sucrose,NULL,1.274432102,1.287119665,1.261744538,0.012687564,36,0,0,efghij
M-2315,16,FUVMO_sucrose,NULL,1.233178763,1.245753055,1.220604471,0.012574292,36,0,0,klmnop
M-2315,16,FUVMO_sucrose,NULL,1.122922316,1.139668462,1.106176169,0.016746146,36,0,13,q
M-2315,16,FUVMO_sucrose,NULL,1.201972061,1.214709271,1.189234852,0.01273721,36,0,0,p
M-2315,16,FUVMO_sucrose,NULL,1.253393631,1.266359716,1.240427547,0.012966084,36,1,0,fghijklmn
M-2315,16,FUVMO_sucrose,NULL,1.22116396,1.233508974,1.208818946,0.012345014,36,0,0,mnop
M-2315,16,FUVMO_sucrose,NULL,1.248375357,1.260665394,1.236085319,0.012290037,36,0,0,hijklmn
M-2315,16,FUVMO_sucrose,NULL,1.277776078,1.290618145,1.264934011,0.012842067,36,0,0,efghij
M-2315,16,FUVMO_sucrose,NULL,1.239796384,1.252689227,1.226903541,0.012892843,36,0,0,jklmnop
M-2315,16,FUVMO_sucrose,NULL,1.210053071,1.224049895,1.196056247,0.013996824,36,0,6,op
M-2315,16,FUVMO_sucrose,NULL,1.233574894,1.246175494,1.220974293,0.0126006,36,0,1,lmnop
M-2315,16,FUVMO_sucrose,NULL,1.245613299,1.259006868,1.23221973,0.013393569,36,0,4,ijklmno
M-2315,16,FUVMO_sucrose,NULL,0.458259851,0.4752495,0.441270201,0.016989649,36,0,15,r
M-2315,16,FUVMO_sucrose,NULL,1.277503758,1.28979994,1.265207576,0.012296182,36,0,0,efghij
M-2315,16,FUVMO_sucrose,NULL,1.260446278,1.273086722,1.247805833,0.012640444,36,0,1,fghijklm
M-2315,16,FUVMO_sucrose,NULL,1.273273741,1.285575609,1.260971872,0.012301868,36,0,0,efghijk
M-2315,16,FUVMO_sucrose,NULL,1.281880009,1.294396876,1.269363141,0.012516867,36,0,1,cdefghi
M-2315,16,FUVMO_sucrose,NULL,1.222929307,1.235917727,1.209940886,0.012988421,36,0,1,mnop
M-2315,16,FUVMO_sucrose,NULL,1.215944028,1.228821308,1.203066748,0.01287728,36,0,0,nop
M-2315,16,FUVMO_sucrose,NULL,1.278362681,1.290717758,1.266007605,0.012355077,36,0,0,defghij
M-2315,16,FUVMO_sucrose,NULL,1.280877507,1.293361927,1.268393087,0.01248442,36,0,0,cdefghij
M-2315,16,FUVMO_sucrose,NULL,1.243762926,1.255867896,1.231657956,0.01210497,36,0,0,ijklmno
M-2315,16,FUVMO_sucrose,NULL,1.229662972,1.241821091,1.217504854,0.012158118,36,0,0,mnop
M-2315,16,FUVMO_sucrose,NULL,1.254782059,1.267203449,1.24236067,0.012421389,36,0,0,ghijklmn
M-2315,16,FUVMO_sucrose,NULL,1.271385029,1.284275788,1.25849427,0.012890759,36,0,1,efghijkl
M-2315,16,FUVMO_sucrose,NULL,1.288777508,1.301177823,1.276377193,0.012400315,36,0,0,cdefgh
M-2315,16,SSOD_sucrose,NULL,0.285485905,0.287481242,0.283490568,0.001995337,36,0,0,bc
M-2315,16,SSOD_sucrose,NULL,0.269808833,0.271691072,0.267926594,0.001882239,36,0,0,mno
M-2315,16,SSOD_sucrose,NULL,0.107678052,0.109813785,0.105542318,0.002135734,36,0,1,s
M-2315,16,SSOD_sucrose,NULL,0.278163063,0.280096958,0.276229168,0.001933895,36,0,0,efghij
M-2315,16,SSOD_sucrose,NULL,0.269678027,0.271897512,0.267458542,0.002219485,28,1,1,lmno
M-2315,16,SSOD_sucrose,NULL,0.276326319,0.278209296,0.274443342,0.001882977,36,0,0,fghijkl
M-2315,16,SSOD_sucrose,NULL,0.277910462,0.279822822,0.275998102,0.00191236,36,0,0,efghij
M-2315,16,SSOD_sucrose,NULL,0.271926188,0.273844381,0.270007995,0.001918193,36,0,0,ijklmno
M-2861,16,SSOD_sucrose,NULL,0.254320025,0.257577037,0.251063013,0.003257012,32,1,0,ijklmnop
M-2861,16,SSOD_sucrose,NULL,0.249223683,0.252542342,0.245905024,0.003318659,32,1,1,pq
M-2861,16,SSOD_sucrose,NULL,0.248726374,0.252058802,0.245393946,0.003332428,32,2,1,klmnopq
M-2861,16,SSOD_sucrose,NULL,0.25182501,0.255280287,0.248369734,0.003455277,32,0,5,hijklmnop
M-2861,16,SSOD_sucrose,NULL,0.256744524,0.259929068,0.25355998,0.003184544,32,0,1,hijklmnop
M-2861,16,SSOD_sucrose,NULL,0.229791509,0.233137346,0.226445672,0.003345837,32,1,2,r
M-2861,16,SSOD_sucrose,NULL,0.259549633,0.262814503,0.256284764,0.003264869,32,1,1,fghij
M-2861,16,SSOD_sucrose,NULL,0.251691155,0.254970312,0.248411999,0.003279156,32,1,0,lmnopq
M-2861,16,SSOD_sucrose,NULL,0.255195864,0.258454848,0.25193688,0.003258984,32,1,1,hijklmnop
M-2861,16,SSOD_sucrose,NULL,0.234387931,0.237700414,0.231075448,0.003312483,32,1,1,r
M-2861,16,SSOD_sucrose,NULL,0.246437493,0.249737484,0.243137503,0.00329999,32,1,1,mnopq
M-2861,16,SSOD_sucrose,NULL,0.234375009,0.237719471,0.231030548,0.003344461,32,1,2,r
M-2861,16,SSOD_sucrose,NULL,0.262686763,0.26608428,0.259289245,0.003397517,32,1,3,efgh
M-2861,16,SSOD_sucrose,NULL,0.258309484,0.261699957,0.254919011,0.003390473,32,3,1,ghijkl
M-2861,16,SSOD_sucrose,NULL,0.261695126,0.265099004,0.258291247,0.003403878,32,2,2,efghi
M-2861,16,SSOD_sucrose,NULL,0.2566481,0.260037869,0.25325833,0.00338977,32,2,2,ghijklmn
M-2861,16,SSOD_sucrose,NULL,0.240070295,0.243404031,0.23673656,0.003333736,32,2,1,qr
M-2861,16,SSOD_sucrose,NULL,0.252957127,0.256350579,0.249563676,0.003393451,32,1,3,hijklmnop
M-2861,16,SSOD_sucrose,NULL,0.254759665,0.258164076,0.251355254,0.003404411,32,2,2,hijklmnop
M-2861,16,SSOD_sucrose,NULL,0.254850305,0.258136251,0.251564358,0.003285947,32,1,1,hijklmno
M-2861,16,SSOD_sucrose,NULL,0.256623578,0.259910295,0.25333686,0.003286718,32,1,1,hijklmn
M-2861,16,SSOD_sucrose,NULL,0.267364728,0.270820103,0.263909353,0.003455375,32,1,3,defg
M-2861,16,SSOD_sucrose,NULL,0.256958059,0.260319736,0.253596382,0.003361677,32,2,0,ghijklm
M-2861,16,SSOD_sucrose,NULL,0.25802106,0.261373985,0.254668135,0.003352925,32,1,2,ghijk
M-2861,16,SSOD_sucrose,NULL,0.255533221,0.258868515,0.252197927,0.003335294,32,1,2,hijklmno
M-2861,16,SSOD_sucrose,NULL,0.254400685,0.257691154,0.251110215,0.003290469,32,1,1,hijklmnop
M-2861,16,SSOD_sucrose,NULL,0.254007721,0.257336317,0.250679124,0.003328596,32,1,2,hijklmnop
M-2861,16,SSOD_sucrose,NULL,0.251711823,0.25504252,0.248381125,0.003330698,32,2,0,hijklmnop
M-2861,16,SSOD_sucrose,NULL,0.248608261,0.251912742,0.245303781,0.00330448,32,1,2,klmnopq
M-2861,16,SSOD_sucrose,NULL,0.269383343,0.27286023,0.265906456,0.003476887,32,0,5,def
M-2861,16,SSOD_sucrose,NULL,0.254126924,0.257565477,0.250688371,0.003438553,32,1,4,hijklmnop
M-2861,16,SSOD_sucrose,NULL,0.258533542,0.261870112,0.255196972,0.00333657,32,2,0,fghij
M-2861,16,SSOD_sucrose,NULL,0.245697214,0.249024162,0.242370267,0.003326948,32,1,2,nopq
M-2861,16,SSOD_sucrose,NULL,0.257132711,0.260463727,0.253801695,0.003331016,32,3,0,hijklmn
M-2861,16,SSOD_sucrose,NULL,0.250918555,0.254374778,0.247462331,0.003456223,32,4,1,ijklmnop
M-2861,16,SSOD_sucrose,NULL,0.249736825,0.252967712,0.246505939,0.003230887,32,1,1,jklmnopq
M-2861,16,SSOD_sucrose,NULL,0.246633948,0.249993713,0.243274184,0.003359765,32,1,2,mnopq
M-2861,16,SSOD_sucrose,NULL,0.255852059,0.259213805,0.252490314,0.003361745,32,1,2,hijklmno
M-2861,16,SSOD_sucrose,NULL,0.263860411,0.267088828,0.260631994,0.003228417,32,1,0,fghi
M-2861,16,FUVMO_sucrose,NULL,1.843236595,1.862726379,1.82374681,0.019489784,36,0,0,ijklmnopq
M-2861,16,FUVMO_sucrose,NULL,1.866333526,1.885827156,1.846839896,0.01949363,36,0,0,cdefghijklm
M-2861,16,FUVMO_sucrose,NULL,1.845503495,1.864083335,1.826923656,0.018579839,36,0,0,ijklmnopq
M-2861,16,FUVMO_sucrose,NULL,1.904385728,1.922783314,1.885988143,0.018397585,36,0,0,abcdefg
M-2861,16,FUVMO_sucrose,NULL,1.860714589,1.878965582,1.842463597,0.018250993,36,0,0,efghijklmno
M-2861,16,FUVMO_sucrose,NULL,1.807741669,1.827338469,1.78814487,0.0195968,36,0,0,mnopq
M-2861,16,FUVMO_sucrose,NULL,1.846988034,1.865989509,1.827986559,0.019001475,36,0,0,ijklmnopq
M-2861,16,FUVMO_sucrose,NULL,1.80764025,1.825878253,1.789402247,0.018238003,36,0,0,nopqr
M-2861,16,FUVMO_sucrose,NULL,1.847245409,1.866188169,1.82830265,0.018942759,36,0,0,hijklmnopq
M-2861,16,FUVMO_sucrose,NULL,1.829575249,1.848128335,1.811022164,0.018553085,36,0,0,klmnopq
M-2861,16,FUVMO_sucrose,NULL,1.795255395,1.815179228,1.775331563,0.019923832,36,0,0,qr
M-2861,16,FUVMO_sucrose,NULL,1.881986572,1.900415742,1.863557402,0.01842917,36,0,0,bcdefghijk
M-2861,16,FUVMO_sucrose,NULL,1.865877375,1.884493933,1.847260816,0.018616559,36,0,0,defghijklm
M-2861,16,FUVMO_sucrose,NULL,1.855117904,1.873359053,1.836876755,0.018241149,36,0,0,efghijklmnop
M-2861,16,FUVMO_sucrose,NULL,1.933191592,1.951749928,1.914633256,0.018558336,36,0,0,ab
M-2861,16,FUVMO_sucrose,NULL,1.834299853,1.852695938,1.815903768,0.018396085,36,0,1,jklmnopq
M-2861,16,FUVMO_sucrose,NULL,1.797901235,1.817249834,1.778552635,0.019348599,36,0,0,pqr
M-2861,16,FUVMO_sucrose,NULL,1.798498451,1.818189217,1.778807686,0.019690766,36,0,0,qr
M-2861,16,FUVMO_sucrose,NULL,1.915197191,1.933426948,1.896967434,0.018229757,36,0,0,abcde
M-2861,16,FUVMO_sucrose,NULL,1.851671405,1.870570732,1.832772079,0.018899326,36,0,0,ghijklmnopq
M-2486,16,FUVMO_sucrose,NULL,1.730940565,1.75447761,1.70740352,0.023537045,18,0,0,abcdefgh
M-2486,16,FUVMO_sucrose,NULL,1.791315276,1.808930786,1.773699766,0.01761551,36,0,2,abc
M-2486,16,FUVMO_sucrose,NULL,1.696265974,1.715180634,1.677351314,0.01891466,36,0,5,ghijk
M-2486,16,FUVMO_sucrose,NULL,1.714115289,1.731224448,1.697006129,0.017109159,36,0,2,defg
M-2486,16,FUVMO_sucrose,NULL,1.716546004,1.734475868,1.69861614,0.017929864,33,0,2,cdefg
M-2486,16,FUVMO_sucrose,NULL,1.694869113,1.718593019,1.671145207,0.023723906,18,0,0,fghijk
M-2486,16,FUVMO_sucrose,NULL,1.557440598,1.57396678,1.540914415,0.016526183,36,0,0,op
M-2486,16,FUVMO_sucrose,NULL,1.293170167,1.317569635,1.268770699,0.024399468,19,1,0,s
M-2486,16,FUVMO_sucrose,NULL,1.7012302,1.717784921,1.684675479,0.016554721,36,0,1,fghi
M-2486,16,FUVMO_sucrose,NULL,1.702189077,1.719567092,1.684811062,0.017378015,36,0,2,fghij
M-2486,16,FUVMO_sucrose,NULL,1.527315048,1.550826959,1.503803137,0.023511911,18,0,0,pq
M-2486,16,FUVMO_sucrose,NULL,1.737786357,1.759094981,1.716477733,0.021308624,36,0,12,abcdef
M-2486,16,FUVMO_sucrose,NULL,1.649696618,1.673530946,1.62586229,0.023834328,19,1,0,ijklm
M-2486,16,FUVMO_sucrose,NULL,1.743943311,1.761271214,1.726615408,0.017327903,36,0,3,abcdef
M-2486,16,FUVMO_sucrose,NULL,1.727128262,1.7439526,1.710303923,0.016824339,36,0,1,bcdefg
M-2486,16,FUVMO_sucrose,NULL,1.765818743,1.78312659,1.748510895,0.017307848,36,0,4,abcd
M-2486,16,FUVMO_sucrose,NULL,1.698699687,1.72204207,1.675357305,0.023342383,21,0,1,fghij
M-2486,16,FUVMO_sucrose,NULL,1.732301415,1.749138585,1.715464246,0.01683717,35,0,0,bcdefg
M-2486,16,FUVMO_sucrose,NULL,1.593672743,1.610307376,1.57703811,0.016634633,36,0,0,mno
M-2486,16,FUVMO_sucrose,NULL,1.74134398,1.759409003,1.723278957,0.018065023,34,1,2,abcdef
M-2486,16,SSOD_sucrose,NULL,0.155705301,0.15806929,0.153341312,0.002363989,36,0,0,mno
M-2486,16,SSOD_sucrose,NULL,0.082016607,0.084338225,0.079694989,0.002321618,36,0,0,w
M-2486,16,SSOD_sucrose,NULL,0.15062624,0.153030671,0.148221809,0.002404431,36,0,0,opq
M-2486,16,SSOD_sucrose,NULL,0.129995233,0.132340884,0.127649582,0.002345651,36,0,0,tu
M-2486,16,SSOD_sucrose,NULL,0.138807728,0.141141871,0.136473584,0.002334144,36,0,0,rs
M-2486,16,SSOD_sucrose,NULL,0.164480235,0.166779728,0.162180743,0.002299493,36,0,0,ijkl
M-2486,16,SSOD_sucrose,NULL,0.159566264,0.161893169,0.15723936,0.002326905,36,0,0,lmn
M-2486,16,SSOD_sucrose,NULL,0.13162321,0.133991765,0.129254655,0.002368555,36,0,0,stu
M-2486,16,SSOD_sucrose,NULL,0.103208968,0.105537911,0.100880025,0.002328943,36,0,0,v
M-2486,16,SSOD_sucrose,NULL,0.047177979,0.049505745,0.044850213,0.002327766,36,0,0,zA
M-2486,16,SSOD_sucrose,NULL,0.211099454,0.213776425,0.208422482,0.002676972,36,5,0,f
M-2486,16,SSOD_sucrose,NULL,0.169587399,0.171952463,0.167222335,0.002365064,36,1,0,hijk
M-2486,16,SSOD_sucrose,NULL,0.263995159,0.266546017,0.261444302,0.002550858,36,2,1,b
M-2486,16,SSOD_sucrose,NULL,0.171689273,0.174006175,0.169372371,0.002316902,36,0,0,hi
M-2486,16,SSOD_sucrose,NULL,0.040620065,0.042975661,0.038264469,0.002355596,36,0,0,A
M-2486,16,SSOD_sucrose,NULL,0.06952804,0.071832287,0.067223794,0.002304247,36,0,0,x
M-2486,16,SSOD_sucrose,NULL,0.059097512,0.061405421,0.056789604,0.002307909,36,0,0,y
M-2486,16,SSOD_sucrose,NULL,0.053200939,0.055519223,0.050882655,0.002318284,36,0,0,yz
M-2486,16,SSOD_sucrose,NULL,0.12799314,0.130337222,0.125649057,0.002344083,36,0,0,u
M-2486,16,SSOD_sucrose,NULL,0.147751266,0.15008963,0.145412901,0.002338365,36,0,0,pq
M-2486,16,SSOD_sucrose,NULL,0.171614144,0.173933313,0.169294975,0.002319169,36,0,0,hij
M-2486,16,SSOD_sucrose,NULL,0.221408405,0.223793943,0.219022867,0.002385538,36,0,0,e
M-2486,16,SSOD_sucrose,NULL,0.232203062,0.234765761,0.229640364,0.002562699,36,2,1,d
M-2486,16,SSOD_sucrose,NULL,0.157998857,0.160337713,0.155660002,0.002338856,36,0,0,lmno
M-2486,16,SSOD_sucrose,NULL,0.161840947,0.16421505,0.159466843,0.002374104,36,0,0,klmn
M-2486,16,SSOD_sucrose,NULL,0.227626898,0.230298226,0.224955569,0.002671328,36,3,1,de
M-2486,16,SSOD_sucrose,NULL,0.04812005,0.050429822,0.045810279,0.002309772,36,0,0,zA
M-2486,16,SSOD_sucrose,NULL,0.197454363,0.19974667,0.195162055,0.002292308,36,0,0,g
M-2486,16,SSOD_sucrose,NULL,0.13640378,0.138729001,0.134078559,0.002325221,36,0,0,st
M-2486,16,SSOD_sucrose,NULL,0.163539684,0.165994022,0.161085345,0.002454339,36,0,0,jklm
M-2486,16,SSOD_sucrose,NULL,0.144497897,0.146894019,0.142101775,0.002396122,36,0,0,qr
M-2486,16,SSOD_sucrose,NULL,0.172372966,0.174785768,0.169960163,0.002412803,36,0,0,h
M-2486,16,SSOD_sucrose,NULL,0.175913059,0.178425072,0.173401046,0.002512013,36,1,0,h
M-2486,16,SSOD_sucrose,NULL,0.195927072,0.198235921,0.193618222,0.002308849,36,0,0,g
M-2486,16,SSOD_sucrose,NULL,0.169214072,0.17159446,0.166833684,0.002380388,36,0,0,hijk
M-2488,16,FUVMO_maltrin,NULL,0.847459085,0.856771307,0.838146863,0.009312222,31,0,0,c
M-2488,16,FUVMO_maltrin,NULL,0.5096598,0.51908627,0.50023333,0.00942647,32,1,1,r
M-2488,16,FUVMO_maltrin,NULL,0.688275435,0.697537505,0.679013366,0.00926207,32,0,1,e
M-2488,16,FUVMO_maltrin,NULL,0.601795078,0.611099025,0.592491131,0.009303947,32,0,1,klmn
M-2488,16,FUVMO_maltrin,NULL,0.854131327,0.863720257,0.844542397,0.00958893,32,0,2,c
M-2488,16,FUVMO_maltrin,NULL,0.604112396,0.613285357,0.594939435,0.009172961,32,0,0,klmn
M-2994,16,FUVMO_sucrose,NULL,1.902585231,1.920763968,1.884406493,0.018178738,20,1,0,fghijklmn
M-2994,16,FUVMO_sucrose,NULL,1.877153063,1.89527648,1.859029646,0.018123417,20,0,1,klmnop
M-2994,16,FUVMO_sucrose,NULL,1.936966149,1.954452217,1.919480081,0.017486068,20,0,0,defghij
M-2994,16,FUVMO_sucrose,NULL,1.921376718,1.938765199,1.903988237,0.017388481,20,0,0,efghijkl
M-2994,16,FUVMO_sucrose,NULL,1.943811286,1.961528557,1.926094014,0.017717271,20,0,0,bcdefghi
M-2994,16,SSOD_sucrose,NULL,0.276302949,0.280139045,0.272466854,0.003836095,16,0,0,klmnopq
M-2994,16,SSOD_sucrose,NULL,0.263981087,0.267842744,0.26011943,0.003861657,16,0,0,rst
M-2994,16,SSOD_sucrose,NULL,0.275194087,0.279009045,0.27137913,0.003814957,16,0,0,klmnopqr
M-2994,16,SSOD_sucrose,NULL,0.276694657,0.280540385,0.272848929,0.003845728,16,0,0,jklmnop
M-2994,16,SSOD_sucrose,NULL,0.281425153,0.285238991,0.277611316,0.003813837,16,0,0,hijklmno
M-2994,16,SSOD_sucrose,NULL,0.271027029,0.27493355,0.267120509,0.003906521,16,0,0,mnopqrs
M-2994,16,SSOD_sucrose,NULL,0.274116958,0.277927749,0.270306167,0.003810791,16,0,0,lmnopqr
M-2994,16,SSOD_sucrose,NULL,0.269475377,0.27329192,0.265658834,0.003816543,16,0,0,opqrs
M-2994,16,SSOD_sucrose,NULL,0.281809859,0.285597617,0.278022102,0.003787757,16,0,0,hijklmno
M-2994,16,SSOD_sucrose,NULL,0.296933359,0.300801043,0.293065674,0.003867684,16,0,0,efg
M-2994,16,SSOD_sucrose,NULL,0.273325605,0.277228517,0.269422694,0.003902911,16,0,0,lmnopqr
M-2994,16,SSOD_sucrose,NULL,0.270275454,0.274137204,0.266413704,0.00386175,16,0,0,opqrs
M-2994,16,SSOD_sucrose,NULL,0.270093112,0.27411647,0.266069753,0.004023358,16,0,0,opqrs
M-2994,16,SSOD_sucrose,NULL,0.281379775,0.285283332,0.277476218,0.003903557,16,0,1,hijklmno
M-2994,16,SSOD_sucrose,NULL,0.280895879,0.284768013,0.277023744,0.003872135,16,0,0,hijklmno
M-2994,16,SSOD_sucrose,NULL,0.280185857,0.283971728,0.276399985,0.003785872,16,0,0,hijklmno
M-2994,16,SSOD_sucrose,NULL,0.289589833,0.29345332,0.285726346,0.003863487,16,0,0,fghij
M-2994,16,SSOD_sucrose,NULL,0.256781756,0.26073181,0.252831702,0.003950054,16,0,0,t
M-2994,16,SSOD_sucrose,NULL,0.27382827,0.277627234,0.270029306,0.003798964,16,0,0,lmnopqr
M-2994,16,SSOD_sucrose,NULL,0.283394744,0.287243717,0.279545772,0.003848972,16,0,0,hijkl
M-2994,16,SSOD_sucrose,NULL,0.283512203,0.287358378,0.279666028,0.003846175,16,0,0,hijklm
M-2994,16,SSOD_sucrose,NULL,0.272441155,0.276359314,0.268522996,0.003918159,16,0,0,lmnopqr
M-2994,16,SSOD_sucrose,NULL,0.117754373,0.132549641,0.102959106,0.014795267,16,7,8,u
M-2994,16,SSOD_sucrose,NULL,0.321170311,0.325002667,0.317337955,0.003832356,16,0,0,c
M-2994,16,SSOD_sucrose,NULL,0.264673549,0.268465975,0.260881123,0.003792426,16,0,0,qrst
M-2994,16,SSOD_sucrose,NULL,0.277358807,0.281214027,0.273503587,0.00385522,16,0,0,ijklmnop
M-2994,16,SSOD_sucrose,NULL,0.264448034,0.268226101,0.260669966,0.003778067,16,0,0,rst
M-2994,16,SSOD_sucrose,NULL,0.300781077,0.30462893,0.296933225,0.003847852,16,0,0,ef
M-2994,16,SSOD_sucrose,NULL,0.270434805,0.274273794,0.266595817,0.003838988,16,0,0,nopqrs
M-2994,16,FUVMO_sucrose,NULL,1.85104066,1.868784501,1.83329682,0.01774384,20,0,0,op
M-2994,16,FUVMO_sucrose,NULL,1.916639706,1.934357659,1.898921752,0.017717953,20,0,0,efghijklm
M-2994,16,FUVMO_sucrose,NULL,1.887266088,1.904386818,1.870145359,0.01712073,20,0,0,jklmnop
M-2994,16,FUVMO_sucrose,NULL,1.970196612,1.987701566,1.952691659,0.017504954,20,0,0,abcde
M-2994,16,FUVMO_sucrose,NULL,1.90072586,1.918375805,1.883075915,0.017649945,20,0,0,hijklmno
M-2994,16,FUVMO_sucrose,NULL,1.987420571,2.005013191,1.96982795,0.01759262,20,0,0,abc
M-2994,16,FUVMO_sucrose,NULL,1.932572163,1.950571727,1.9145726,0.017999564,20,0,1,cdefghij
M-2994,16,FUVMO_sucrose,NULL,1.986128735,2.003824931,1.96843254,0.017696196,20,0,0,abcd
M-2994,16,FUVMO_sucrose,NULL,1.961024912,1.978093213,1.943956612,0.017068301,20,0,0,abcdefg
M-2994,16,FUVMO_sucrose,NULL,2.014688169,2.032529249,1.99684709,0.017841079,20,1,0,a
M-2994,16,FUVMO_sucrose,NULL,0.494430286,0.555795731,0.43306484,0.061365445,20,6,12,s
M-2994,16,FUVMO_sucrose,NULL,1.929121364,1.94635557,1.911887158,0.017234206,20,0,0,efghijk
M-2994,16,FUVMO_sucrose,NULL,1.900706576,1.91865441,1.882758743,0.017947833,20,0,0,hijklmno
M-2994,16,FUVMO_sucrose,NULL,1.902082219,1.919772812,1.884391627,0.017690593,20,0,0,hijklmno
M-2994,16,FUVMO_sucrose,NULL,1.91598698,1.933693858,1.898280101,0.017706878,20,0,0,efghijklm
M-2994,16,FUVMO_sucrose,NULL,1.856300811,1.873275715,1.839325906,0.016974904,20,0,0,nop
M-2994,16,FUVMO_sucrose,NULL,1.959621846,1.977612744,1.941630947,0.017990898,20,0,1,abcdefgh
M-2994,16,FUVMO_sucrose,NULL,1.866687743,1.883938696,1.84943679,0.017250953,20,0,0,lmnop
M-2994,16,FUVMO_sucrose,NULL,1.859590057,1.877073154,1.842106961,0.017483096,20,0,0,nop
M-2994,16,FUVMO_sucrose,NULL,1.838641052,1.856520772,1.820761333,0.017879719,20,0,0,p
M-2994,16,FUVMO_sucrose,NULL,1.88081368,1.898421392,1.863205968,0.017607712,20,0,1,klmnop
M-2994,16,FUVMO_sucrose,NULL,1.928338601,1.94598696,1.910690242,0.017648359,20,1,0,efghijk
M-2994,16,FUVMO_sucrose,NULL,1.866282088,1.884260617,1.84830356,0.017978529,20,0,1,lmnop
M-2994,16,FUVMO_sucrose,NULL,1.919248376,1.936726792,1.90176996,0.017478416,20,0,0,efghijkl
M-2994,16,FUVMO_sucrose,NULL,1.965398658,1.983214633,1.947582683,0.017815975,20,0,0,abcde
M-2994,16,FUVMO_sucrose,NULL,1.91901849,1.939435964,1.898601016,0.020417474,20,0,5,defghijkl
M-2488,16,FUVMO_maltrin,NULL,0.594314802,0.603642264,0.58498734,0.009327462,32,0,1,mno
M-2488,16,FUVMO_maltrin,NULL,0.654036758,0.66346761,0.644605906,0.009430852,31,0,0,fghi
M-2488,16,FUVMO_maltrin,NULL,0.687818049,0.697166068,0.678470029,0.00934802,31,0,0,e
PG-2434,14,SSOD_sucrose,Y14595,0.248471937,0.254585798,0.242358075,0.006113862,36,0,1,fg
PG-2443,14,FUVMO_maltrin,Y14868,0.670629722,0.681046209,0.660213236,0.010416486,36,4,6,o
PG-2443,14,FUVMO_sucrose,Y14868,1.343245377,1.355952981,1.330537773,0.012707604,36,0,0,cd
M-2444,16,FUVMO_maltrin,NULL,0.7827188,0.793630242,0.771807358,0.010911442,36,0,2,defghij
M-2444,16,FUVMO_maltrin,NULL,0.766894482,0.779967041,0.753821923,0.013072559,36,0,13,fghijklmn
M-2444,16,FUVMO_maltrin,NULL,0.805051621,0.815671885,0.794431356,0.010620265,36,0,2,cde
M-2444,16,FUVMO_maltrin,NULL,0.761219428,0.771568783,0.750870073,0.010349355,36,0,0,ijklmn
M-2444,16,FUVMO_maltrin,NULL,0.768203457,0.778549984,0.757856931,0.010346526,36,0,0,ghijklm
M-2444,16,FUVMO_maltrin,NULL,0.783217573,0.794190495,0.77224465,0.010972922,36,0,4,defghij
M-2444,16,FUVMO_maltrin,NULL,0.749365454,0.76054157,0.738189338,0.011176116,36,1,3,jklmno
M-2444,16,FUVMO_maltrin,NULL,0.777203702,0.78785186,0.766555544,0.010648158,36,0,2,efghijkl
M-2444,16,FUVMO_maltrin,NULL,0.778028804,0.789043915,0.767013693,0.011015111,36,0,4,defghijk
M-2444,16,FUVMO_maltrin,NULL,0.799897773,0.810665789,0.789129757,0.010768016,36,1,1,cdefg
M-2444,16,FUVMO_maltrin,NULL,0.679408109,0.690101658,0.66871456,0.010693549,36,0,1,tu
M-2444,16,FUVMO_maltrin,NULL,0.79598483,0.806666643,0.785303018,0.010681812,36,0,3,defgh
M-2444,16,FUVMO_maltrin,NULL,0.46648439,0.478007759,0.454961022,0.011523369,36,1,1,y
M-2444,16,FUVMO_maltrin,NULL,0.786775644,0.797660085,0.775891202,0.010884441,36,0,3,defghi
M-2444,16,FUVMO_maltrin,NULL,0.695965993,0.706772774,0.685159211,0.010806781,36,0,0,rstu
M-2444,16,FUVMO_maltrin,NULL,0.795332995,0.806444487,0.784221503,0.011111492,36,0,4,defgh
M-2444,16,FUVMO_maltrin,NULL,0.730329811,0.740781423,0.719878199,0.010451612,36,0,1,nopq
M-2444,16,FUVMO_maltrin,NULL,0.744263704,0.754853339,0.733674068,0.010589635,36,0,1,klmno
M-2444,16,FUVMO_maltrin,NULL,0.631978077,0.642431455,0.621524699,0.010453378,36,0,0,v
M-2444,16,FUVMO_maltrin,NULL,0.741433772,0.752379227,0.730488316,0.010945455,36,0,4,mnop
M-2444,16,FUVMO_maltrin,NULL,0.765410121,0.775899072,0.754921171,0.010488951,36,0,1,hijklm
M-2444,16,FUVMO_maltrin,NULL,0.721530859,0.732269107,0.710792611,0.010738248,36,0,2,opqrs
M-2444,16,FUVMO_maltrin,NULL,0.785478086,0.796350166,0.774606006,0.01087208,36,0,3,defghij
M-2444,16,FUVMO_maltrin,NULL,0.688475418,0.699333216,0.67761762,0.010857798,36,0,0,stu
M-2444,16,FUVMO_maltrin,NULL,0.562970134,0.57437123,0.551569039,0.011401096,36,1,5,x
M-2444,16,FUVMO_maltrin,NULL,0.705305491,0.71597055,0.694640432,0.010665059,36,0,1,qrst
M-2444,16,FUVMO_maltrin,NULL,0.691448697,0.702875541,0.680021853,0.011426844,36,2,3,rstu
M-2444,16,FUVMO_maltrin,NULL,0.71233979,0.723200439,0.701479141,0.010860649,36,0,3,pqrst
M-2444,16,FUVMO_maltrin,NULL,0.725076472,0.735628018,0.714524927,0.010551545,36,0,0,opqr
M-2444,16,FUVMO_maltrin,NULL,0.685715896,0.697767178,0.673664614,0.012051282,36,0,5,stu
M-2444,16,FUVMO_maltrin,NULL,0.672149358,0.682607314,0.661691402,0.010457956,36,0,1,u
M-2444,16,FUVMO_maltrin,NULL,0.780797002,0.791916407,0.769677597,0.011119405,36,0,4,defghij
M-2444,16,FUVMO_maltrin,NULL,0.739268934,0.75039957,0.728138298,0.011130636,36,0,4,mnopq
